block_seconds,diagnostic,family,feature,maximum_spearman,median_spearman,minimum_spearman,positive_seeds,seeds,target
60,diagnostic_1,surprise,surprise_cosine_30s,0.10417767485092894,-0.01768025942744882,-0.09855355617417723,2,5,absolute_atm_iv_change
120,diagnostic_1,surprise,surprise_cosine_30s,0.10417767485092894,-0.01768025942744882,-0.09855355617417723,2,5,absolute_atm_iv_change
300,diagnostic_1,surprise,surprise_cosine_30s,0.10417767485092894,-0.01768025942744882,-0.09855355617417723,2,5,absolute_atm_iv_change
60,diagnostic_1,surprise,surprise_cosine_30s,0.16615853844869913,0.063769348737699,-0.023106508805663922,4,5,surface_displacement
120,diagnostic_1,surprise,surprise_cosine_30s,0.16615853844869913,0.063769348737699,-0.023106508805663922,4,5,surface_displacement
300,diagnostic_1,surprise,surprise_cosine_30s,0.16615853844869913,0.063769348737699,-0.023106508805663922,4,5,surface_displacement
60,diagnostic_1,surprise,surprise_cosine_5s,0.1039931584273474,-0.017828954135232986,-0.09397479562347967,2,5,absolute_atm_iv_change
120,diagnostic_1,surprise,surprise_cosine_5s,0.1039931584273474,-0.017828954135232986,-0.09397479562347967,2,5,absolute_atm_iv_change
300,diagnostic_1,surprise,surprise_cosine_5s,0.1039931584273474,-0.017828954135232986,-0.09397479562347967,2,5,absolute_atm_iv_change
60,diagnostic_1,surprise,surprise_cosine_5s,0.16847861868026245,0.06339109107375412,-0.020926809269573056,4,5,surface_displacement
120,diagnostic_1,surprise,surprise_cosine_5s,0.16847861868026245,0.06339109107375412,-0.020926809269573056,4,5,surface_displacement
300,diagnostic_1,surprise,surprise_cosine_5s,0.16847861868026245,0.06339109107375412,-0.020926809269573056,4,5,surface_displacement
60,diagnostic_1,surprise,surprise_cosine_60s,0.10031207812664229,-0.01785782944709077,-0.09612374499226141,2,5,absolute_atm_iv_change
120,diagnostic_1,surprise,surprise_cosine_60s,0.10031207812664229,-0.01785782944709077,-0.09612374499226141,2,5,absolute_atm_iv_change
300,diagnostic_1,surprise,surprise_cosine_60s,0.10031207812664229,-0.01785782944709077,-0.09612374499226141,2,5,absolute_atm_iv_change
60,diagnostic_1,surprise,surprise_cosine_60s,0.1667603356137126,0.056420392472653805,-0.020983044687884464,4,5,surface_displacement
120,diagnostic_1,surprise,surprise_cosine_60s,0.1667603356137126,0.056420392472653805,-0.020983044687884464,4,5,surface_displacement
300,diagnostic_1,surprise,surprise_cosine_60s,0.1667603356137126,0.056420392472653805,-0.020983044687884464,4,5,surface_displacement
60,diagnostic_1,surprise,surprise_l2_30s,0.09691041636391168,-0.02756194594202147,-0.10550498868993066,2,5,absolute_atm_iv_change
120,diagnostic_1,surprise,surprise_l2_30s,0.09691041636391168,-0.02756194594202147,-0.10550498868993066,2,5,absolute_atm_iv_change
300,diagnostic_1,surprise,surprise_l2_30s,0.09691041636391168,-0.02756194594202147,-0.10550498868993066,2,5,absolute_atm_iv_change
60,diagnostic_1,surprise,surprise_l2_30s,-0.10423219637562363,-0.13520931270622427,-0.17742761030412704,0,5,absolute_atm_straddle_change
120,diagnostic_1,surprise,surprise_l2_30s,-0.10423219637562363,-0.13520931270622427,-0.17742761030412704,0,5,absolute_atm_straddle_change
300,diagnostic_1,surprise,surprise_l2_30s,-0.10423219637562363,-0.13520931270622427,-0.17742761030412704,0,5,absolute_atm_straddle_change
60,diagnostic_1,surprise,surprise_l2_30s,0.03194582609191252,0.002220481332307399,-0.026961989210537468,3,5,absolute_futures_return
120,diagnostic_1,surprise,surprise_l2_30s,0.03194582609191252,0.002220481332307399,-0.026961989210537468,3,5,absolute_futures_return
300,diagnostic_1,surprise,surprise_l2_30s,0.03194582609191252,0.002220481332307399,-0.026961989210537468,3,5,absolute_futures_return
60,diagnostic_1,surprise,surprise_l2_30s,0.03303851564117762,-0.04033694513159821,-0.08274909247406825,2,5,near_atm_spread_change
120,diagnostic_1,surprise,surprise_l2_30s,0.03303851564117762,-0.04033694513159821,-0.08274909247406825,2,5,near_atm_spread_change
300,diagnostic_1,surprise,surprise_l2_30s,0.03303851564117762,-0.04033694513159821,-0.08274909247406825,2,5,near_atm_spread_change
60,diagnostic_1,surprise,surprise_l2_30s,0.0032150476843329444,-0.05360290544012729,-0.07500063204008517,1,5,parity_restoration
120,diagnostic_1,surprise,surprise_l2_30s,0.0032150476843329444,-0.05360290544012729,-0.07500063204008517,1,5,parity_restoration
300,diagnostic_1,surprise,surprise_l2_30s,0.0032150476843329444,-0.05360290544012729,-0.07500063204008517,1,5,parity_restoration
60,diagnostic_1,surprise,surprise_l2_30s,0.06762496086032536,0.045470820261944066,0.03482864849790857,5,5,realized_futures_volatility
120,diagnostic_1,surprise,surprise_l2_30s,0.06762496086032536,0.045470820261944066,0.03482864849790857,5,5,realized_futures_volatility
300,diagnostic_1,surprise,surprise_l2_30s,0.06762496086032536,0.045470820261944066,0.03482864849790857,5,5,realized_futures_volatility
60,diagnostic_1,surprise,surprise_l2_30s,0.15857716537265973,0.04855513511320588,-0.0344682996804452,4,5,surface_displacement
120,diagnostic_1,surprise,surprise_l2_30s,0.15857716537265973,0.04855513511320588,-0.0344682996804452,4,5,surface_displacement
300,diagnostic_1,surprise,surprise_l2_30s,0.15857716537265973,0.04855513511320588,-0.0344682996804452,4,5,surface_displacement
60,diagnostic_1,surprise,surprise_l2_5s,0.09725557585186548,-0.02940348704339894,-0.1005620818761217,2,5,absolute_atm_iv_change
120,diagnostic_1,surprise,surprise_l2_5s,0.09725557585186548,-0.02940348704339894,-0.1005620818761217,2,5,absolute_atm_iv_change
300,diagnostic_1,surprise,surprise_l2_5s,0.09725557585186548,-0.02940348704339894,-0.1005620818761217,2,5,absolute_atm_iv_change
60,diagnostic_1,surprise,surprise_l2_5s,-0.10853295133448548,-0.13088056241277787,-0.1770394071168154,0,5,absolute_atm_straddle_change
120,diagnostic_1,surprise,surprise_l2_5s,-0.10853295133448548,-0.13088056241277787,-0.1770394071168154,0,5,absolute_atm_straddle_change
300,diagnostic_1,surprise,surprise_l2_5s,-0.10853295133448548,-0.13088056241277787,-0.1770394071168154,0,5,absolute_atm_straddle_change
60,diagnostic_1,surprise,surprise_l2_5s,0.029959629783898198,0.002866155243122385,-0.030295077311553245,3,5,absolute_futures_return
120,diagnostic_1,surprise,surprise_l2_5s,0.029959629783898198,0.002866155243122385,-0.030295077311553245,3,5,absolute_futures_return
300,diagnostic_1,surprise,surprise_l2_5s,0.029959629783898198,0.002866155243122385,-0.030295077311553245,3,5,absolute_futures_return
60,diagnostic_1,surprise,surprise_l2_5s,0.031478865796527346,-0.029113333140283214,-0.08098710946451923,2,5,near_atm_spread_change
120,diagnostic_1,surprise,surprise_l2_5s,0.031478865796527346,-0.029113333140283214,-0.08098710946451923,2,5,near_atm_spread_change
300,diagnostic_1,surprise,surprise_l2_5s,0.031478865796527346,-0.029113333140283214,-0.08098710946451923,2,5,near_atm_spread_change
60,diagnostic_1,surprise,surprise_l2_5s,-0.024015835678566334,-0.06505679688737917,-0.08279483261962217,0,5,parity_restoration
120,diagnostic_1,surprise,surprise_l2_5s,-0.024015835678566334,-0.06505679688737917,-0.08279483261962217,0,5,parity_restoration
300,diagnostic_1,surprise,surprise_l2_5s,-0.024015835678566334,-0.06505679688737917,-0.08279483261962217,0,5,parity_restoration
60,diagnostic_1,surprise,surprise_l2_5s,0.07842865614362428,0.042191474224365436,0.019556769675025922,5,5,realized_futures_volatility
120,diagnostic_1,surprise,surprise_l2_5s,0.07842865614362428,0.042191474224365436,0.019556769675025922,5,5,realized_futures_volatility
300,diagnostic_1,surprise,surprise_l2_5s,0.07842865614362428,0.042191474224365436,0.019556769675025922,5,5,realized_futures_volatility
60,diagnostic_1,surprise,surprise_l2_5s,0.160242940314027,0.04931250799876288,-0.031931986002840994,4,5,surface_displacement
120,diagnostic_1,surprise,surprise_l2_5s,0.160242940314027,0.04931250799876288,-0.031931986002840994,4,5,surface_displacement
300,diagnostic_1,surprise,surprise_l2_5s,0.160242940314027,0.04931250799876288,-0.031931986002840994,4,5,surface_displacement
60,diagnostic_1,surprise,surprise_l2_60s,0.09564180692463711,-0.029683714562789752,-0.10443127511132379,2,5,absolute_atm_iv_change
120,diagnostic_1,surprise,surprise_l2_60s,0.09564180692463711,-0.029683714562789752,-0.10443127511132379,2,5,absolute_atm_iv_change
300,diagnostic_1,surprise,surprise_l2_60s,0.09564180692463711,-0.029683714562789752,-0.10443127511132379,2,5,absolute_atm_iv_change
60,diagnostic_1,surprise,surprise_l2_60s,-0.11480958549915037,-0.1272030641169046,-0.17447976047108216,0,5,absolute_atm_straddle_change
120,diagnostic_1,surprise,surprise_l2_60s,-0.11480958549915037,-0.1272030641169046,-0.17447976047108216,0,5,absolute_atm_straddle_change
300,diagnostic_1,surprise,surprise_l2_60s,-0.11480958549915037,-0.1272030641169046,-0.17447976047108216,0,5,absolute_atm_straddle_change
60,diagnostic_1,surprise,surprise_l2_60s,0.03320035977737733,-0.004944053381091811,-0.026866913039479808,2,5,absolute_futures_return
120,diagnostic_1,surprise,surprise_l2_60s,0.03320035977737733,-0.004944053381091811,-0.026866913039479808,2,5,absolute_futures_return
300,diagnostic_1,surprise,surprise_l2_60s,0.03320035977737733,-0.004944053381091811,-0.026866913039479808,2,5,absolute_futures_return
60,diagnostic_1,surprise,surprise_l2_60s,0.03645796144816905,-0.03383657207135961,-0.08445237014975887,2,5,near_atm_spread_change
120,diagnostic_1,surprise,surprise_l2_60s,0.03645796144816905,-0.03383657207135961,-0.08445237014975887,2,5,near_atm_spread_change
300,diagnostic_1,surprise,surprise_l2_60s,0.03645796144816905,-0.03383657207135961,-0.08445237014975887,2,5,near_atm_spread_change
60,diagnostic_1,surprise,surprise_l2_60s,-0.001021631896359713,-0.052006253570205586,-0.0688789613033226,0,5,parity_restoration
120,diagnostic_1,surprise,surprise_l2_60s,-0.001021631896359713,-0.052006253570205586,-0.0688789613033226,0,5,parity_restoration
300,diagnostic_1,surprise,surprise_l2_60s,-0.001021631896359713,-0.052006253570205586,-0.0688789613033226,0,5,parity_restoration
60,diagnostic_1,surprise,surprise_l2_60s,0.06160966004920508,0.04643532281230554,0.028922152424688964,5,5,realized_futures_volatility
120,diagnostic_1,surprise,surprise_l2_60s,0.06160966004920508,0.04643532281230554,0.028922152424688964,5,5,realized_futures_volatility
300,diagnostic_1,surprise,surprise_l2_60s,0.06160966004920508,0.04643532281230554,0.028922152424688964,5,5,realized_futures_volatility
60,diagnostic_1,surprise,surprise_l2_60s,0.1621591725387955,0.03747571144813857,-0.03357175022995285,4,5,surface_displacement
120,diagnostic_1,surprise,surprise_l2_60s,0.1621591725387955,0.03747571144813857,-0.03357175022995285,4,5,surface_displacement
300,diagnostic_1,surprise,surprise_l2_60s,0.1621591725387955,0.03747571144813857,-0.03357175022995285,4,5,surface_displacement
60,diagnostic_1,surprise,surprise_unit_l2_30s,0.10417767485092894,-0.01768025942744882,-0.09855355617417723,2,5,absolute_atm_iv_change
120,diagnostic_1,surprise,surprise_unit_l2_30s,0.10417767485092894,-0.01768025942744882,-0.09855355617417723,2,5,absolute_atm_iv_change
300,diagnostic_1,surprise,surprise_unit_l2_30s,0.10417767485092894,-0.01768025942744882,-0.09855355617417723,2,5,absolute_atm_iv_change
60,diagnostic_1,surprise,surprise_unit_l2_30s,0.16615853844869913,0.063769348737699,-0.023106508805663922,4,5,surface_displacement
120,diagnostic_1,surprise,surprise_unit_l2_30s,0.16615853844869913,0.063769348737699,-0.023106508805663922,4,5,surface_displacement
300,diagnostic_1,surprise,surprise_unit_l2_30s,0.16615853844869913,0.063769348737699,-0.023106508805663922,4,5,surface_displacement
60,diagnostic_1,surprise,surprise_unit_l2_5s,0.1039931584273474,-0.017828954135232986,-0.09397479562347967,2,5,absolute_atm_iv_change
120,diagnostic_1,surprise,surprise_unit_l2_5s,0.1039931584273474,-0.017828954135232986,-0.09397479562347967,2,5,absolute_atm_iv_change
300,diagnostic_1,surprise,surprise_unit_l2_5s,0.1039931584273474,-0.017828954135232986,-0.09397479562347967,2,5,absolute_atm_iv_change
60,diagnostic_1,surprise,surprise_unit_l2_5s,0.16847861868026245,0.06339109107375412,-0.020926809269573056,4,5,surface_displacement
120,diagnostic_1,surprise,surprise_unit_l2_5s,0.16847861868026245,0.06339109107375412,-0.020926809269573056,4,5,surface_displacement
300,diagnostic_1,surprise,surprise_unit_l2_5s,0.16847861868026245,0.06339109107375412,-0.020926809269573056,4,5,surface_displacement
60,diagnostic_1,surprise,surprise_unit_l2_60s,0.10031207812664229,-0.01785782944709077,-0.09612374499226141,2,5,absolute_atm_iv_change
120,diagnostic_1,surprise,surprise_unit_l2_60s,0.10031207812664229,-0.01785782944709077,-0.09612374499226141,2,5,absolute_atm_iv_change
300,diagnostic_1,surprise,surprise_unit_l2_60s,0.10031207812664229,-0.01785782944709077,-0.09612374499226141,2,5,absolute_atm_iv_change
60,diagnostic_1,surprise,surprise_unit_l2_60s,0.1667603356137126,0.056420392472653805,-0.020983044687884464,4,5,surface_displacement
120,diagnostic_1,surprise,surprise_unit_l2_60s,0.1667603356137126,0.056420392472653805,-0.020983044687884464,4,5,surface_displacement
300,diagnostic_1,surprise,surprise_unit_l2_60s,0.1667603356137126,0.056420392472653805,-0.020983044687884464,4,5,surface_displacement
60,diagnostic_2,surprise,surprise_cosine_30s,0.16004827683158496,-0.03589996256982688,-0.13437289679586997,2,5,absolute_atm_iv_change
120,diagnostic_2,surprise,surprise_cosine_30s,0.16004827683158496,-0.03589996256982688,-0.13437289679586997,2,5,absolute_atm_iv_change
300,diagnostic_2,surprise,surprise_cosine_30s,0.16004827683158496,-0.03589996256982688,-0.13437289679586997,2,5,absolute_atm_iv_change
60,diagnostic_2,surprise,surprise_cosine_30s,0.19142345670582342,-0.002467528665475091,-0.07024649390903474,2,5,surface_displacement
120,diagnostic_2,surprise,surprise_cosine_30s,0.19142345670582342,-0.002467528665475091,-0.07024649390903474,2,5,surface_displacement
300,diagnostic_2,surprise,surprise_cosine_30s,0.19142345670582342,-0.002467528665475091,-0.07024649390903474,2,5,surface_displacement
60,diagnostic_2,surprise,surprise_cosine_5s,0.15882241591413332,-0.04158159338397109,-0.13485929243722272,2,5,absolute_atm_iv_change
120,diagnostic_2,surprise,surprise_cosine_5s,0.15882241591413332,-0.04158159338397109,-0.13485929243722272,2,5,absolute_atm_iv_change
300,diagnostic_2,surprise,surprise_cosine_5s,0.15882241591413332,-0.04158159338397109,-0.13485929243722272,2,5,absolute_atm_iv_change
60,diagnostic_2,surprise,surprise_cosine_5s,0.19326337038782215,-0.0009158845781184559,-0.07005190347774456,2,5,surface_displacement
120,diagnostic_2,surprise,surprise_cosine_5s,0.19326337038782215,-0.0009158845781184559,-0.07005190347774456,2,5,surface_displacement
300,diagnostic_2,surprise,surprise_cosine_5s,0.19326337038782215,-0.0009158845781184559,-0.07005190347774456,2,5,surface_displacement
60,diagnostic_2,surprise,surprise_cosine_60s,0.16459574097774943,-0.03578435681433459,-0.13168264087889506,2,5,absolute_atm_iv_change
120,diagnostic_2,surprise,surprise_cosine_60s,0.16459574097774943,-0.03578435681433459,-0.13168264087889506,2,5,absolute_atm_iv_change
300,diagnostic_2,surprise,surprise_cosine_60s,0.16459574097774943,-0.03578435681433459,-0.13168264087889506,2,5,absolute_atm_iv_change
60,diagnostic_2,surprise,surprise_cosine_60s,0.1944651795191444,0.006268778787541679,-0.06930197270547803,3,5,surface_displacement
120,diagnostic_2,surprise,surprise_cosine_60s,0.1944651795191444,0.006268778787541679,-0.06930197270547803,3,5,surface_displacement
300,diagnostic_2,surprise,surprise_cosine_60s,0.1944651795191444,0.006268778787541679,-0.06930197270547803,3,5,surface_displacement
60,diagnostic_2,surprise,surprise_l2_30s,0.15278061322637512,-0.04223493542187867,-0.13964518375050486,2,5,absolute_atm_iv_change
120,diagnostic_2,surprise,surprise_l2_30s,0.15278061322637512,-0.04223493542187867,-0.13964518375050486,2,5,absolute_atm_iv_change
300,diagnostic_2,surprise,surprise_l2_30s,0.15278061322637512,-0.04223493542187867,-0.13964518375050486,2,5,absolute_atm_iv_change
60,diagnostic_2,surprise,surprise_l2_30s,0.08027189426825895,0.056161638311890826,0.03225135036205515,5,5,absolute_atm_straddle_change
120,diagnostic_2,surprise,surprise_l2_30s,0.08027189426825895,0.056161638311890826,0.03225135036205515,5,5,absolute_atm_straddle_change
300,diagnostic_2,surprise,surprise_l2_30s,0.08027189426825895,0.056161638311890826,0.03225135036205515,5,5,absolute_atm_straddle_change
60,diagnostic_2,surprise,surprise_l2_30s,0.046277331455731825,0.043722908793776556,-0.0034701286419487184,4,5,absolute_futures_return
120,diagnostic_2,surprise,surprise_l2_30s,0.046277331455731825,0.043722908793776556,-0.0034701286419487184,4,5,absolute_futures_return
300,diagnostic_2,surprise,surprise_l2_30s,0.046277331455731825,0.043722908793776556,-0.0034701286419487184,4,5,absolute_futures_return
60,diagnostic_2,surprise,surprise_l2_30s,0.07493276515725147,-0.023788970513700627,-0.10169216058576634,2,5,near_atm_spread_change
120,diagnostic_2,surprise,surprise_l2_30s,0.07493276515725147,-0.023788970513700627,-0.10169216058576634,2,5,near_atm_spread_change
300,diagnostic_2,surprise,surprise_l2_30s,0.07493276515725147,-0.023788970513700627,-0.10169216058576634,2,5,near_atm_spread_change
60,diagnostic_2,surprise,surprise_l2_30s,0.028238640307361878,0.0008068292524907835,-0.006162605819709482,3,5,parity_restoration
120,diagnostic_2,surprise,surprise_l2_30s,0.028238640307361878,0.0008068292524907835,-0.006162605819709482,3,5,parity_restoration
300,diagnostic_2,surprise,surprise_l2_30s,0.028238640307361878,0.0008068292524907835,-0.006162605819709482,3,5,parity_restoration
60,diagnostic_2,surprise,surprise_l2_30s,0.11724710185787159,0.10401407965012884,0.07561905578182428,5,5,realized_futures_volatility
120,diagnostic_2,surprise,surprise_l2_30s,0.11724710185787159,0.10401407965012884,0.07561905578182428,5,5,realized_futures_volatility
300,diagnostic_2,surprise,surprise_l2_30s,0.11724710185787159,0.10401407965012884,0.07561905578182428,5,5,realized_futures_volatility
60,diagnostic_2,surprise,surprise_l2_30s,0.1826406026675832,-0.008769509260059805,-0.07884660762444824,2,5,surface_displacement
120,diagnostic_2,surprise,surprise_l2_30s,0.1826406026675832,-0.008769509260059805,-0.07884660762444824,2,5,surface_displacement
300,diagnostic_2,surprise,surprise_l2_30s,0.1826406026675832,-0.008769509260059805,-0.07884660762444824,2,5,surface_displacement
60,diagnostic_2,surprise,surprise_l2_5s,0.1508972395848622,-0.04635497624942857,-0.14033107253241997,2,5,absolute_atm_iv_change
120,diagnostic_2,surprise,surprise_l2_5s,0.1508972395848622,-0.04635497624942857,-0.14033107253241997,2,5,absolute_atm_iv_change
300,diagnostic_2,surprise,surprise_l2_5s,0.1508972395848622,-0.04635497624942857,-0.14033107253241997,2,5,absolute_atm_iv_change
60,diagnostic_2,surprise,surprise_l2_5s,0.07491196365174743,0.05214315103578454,0.028751082943968328,5,5,absolute_atm_straddle_change
120,diagnostic_2,surprise,surprise_l2_5s,0.07491196365174743,0.05214315103578454,0.028751082943968328,5,5,absolute_atm_straddle_change
300,diagnostic_2,surprise,surprise_l2_5s,0.07491196365174743,0.05214315103578454,0.028751082943968328,5,5,absolute_atm_straddle_change
60,diagnostic_2,surprise,surprise_l2_5s,0.04379369700860902,0.03803484410426183,0.0017410570865884632,5,5,absolute_futures_return
120,diagnostic_2,surprise,surprise_l2_5s,0.04379369700860902,0.03803484410426183,0.0017410570865884632,5,5,absolute_futures_return
300,diagnostic_2,surprise,surprise_l2_5s,0.04379369700860902,0.03803484410426183,0.0017410570865884632,5,5,absolute_futures_return
60,diagnostic_2,surprise,surprise_l2_5s,0.0835914908672595,-0.027327483054221197,-0.09640992572712702,2,5,near_atm_spread_change
120,diagnostic_2,surprise,surprise_l2_5s,0.0835914908672595,-0.027327483054221197,-0.09640992572712702,2,5,near_atm_spread_change
300,diagnostic_2,surprise,surprise_l2_5s,0.0835914908672595,-0.027327483054221197,-0.09640992572712702,2,5,near_atm_spread_change
60,diagnostic_2,surprise,surprise_l2_5s,0.02015740873281585,-0.001725200689850011,-0.021875595026077787,2,5,parity_restoration
120,diagnostic_2,surprise,surprise_l2_5s,0.02015740873281585,-0.001725200689850011,-0.021875595026077787,2,5,parity_restoration
300,diagnostic_2,surprise,surprise_l2_5s,0.02015740873281585,-0.001725200689850011,-0.021875595026077787,2,5,parity_restoration
60,diagnostic_2,surprise,surprise_l2_5s,0.11975021409695148,0.10285157439604684,0.07448494109595147,5,5,realized_futures_volatility
120,diagnostic_2,surprise,surprise_l2_5s,0.11975021409695148,0.10285157439604684,0.07448494109595147,5,5,realized_futures_volatility
300,diagnostic_2,surprise,surprise_l2_5s,0.11975021409695148,0.10285157439604684,0.07448494109595147,5,5,realized_futures_volatility
60,diagnostic_2,surprise,surprise_l2_5s,0.18214905919498367,-0.00493545637312924,-0.07874696823659211,2,5,surface_displacement
120,diagnostic_2,surprise,surprise_l2_5s,0.18214905919498367,-0.00493545637312924,-0.07874696823659211,2,5,surface_displacement
300,diagnostic_2,surprise,surprise_l2_5s,0.18214905919498367,-0.00493545637312924,-0.07874696823659211,2,5,surface_displacement
60,diagnostic_2,surprise,surprise_l2_60s,0.1582584049642136,-0.04421322908211443,-0.13857125219189115,2,5,absolute_atm_iv_change
120,diagnostic_2,surprise,surprise_l2_60s,0.1582584049642136,-0.04421322908211443,-0.13857125219189115,2,5,absolute_atm_iv_change
300,diagnostic_2,surprise,surprise_l2_60s,0.1582584049642136,-0.04421322908211443,-0.13857125219189115,2,5,absolute_atm_iv_change
60,diagnostic_2,surprise,surprise_l2_60s,0.07495656657804176,0.05875735012305783,0.0386361320229318,5,5,absolute_atm_straddle_change
120,diagnostic_2,surprise,surprise_l2_60s,0.07495656657804176,0.05875735012305783,0.0386361320229318,5,5,absolute_atm_straddle_change
300,diagnostic_2,surprise,surprise_l2_60s,0.07495656657804176,0.05875735012305783,0.0386361320229318,5,5,absolute_atm_straddle_change
60,diagnostic_2,surprise,surprise_l2_60s,0.05482290830090875,0.046548115635198443,-0.0005290395323019412,4,5,absolute_futures_return
120,diagnostic_2,surprise,surprise_l2_60s,0.05482290830090875,0.046548115635198443,-0.0005290395323019412,4,5,absolute_futures_return
300,diagnostic_2,surprise,surprise_l2_60s,0.05482290830090875,0.046548115635198443,-0.0005290395323019412,4,5,absolute_futures_return
60,diagnostic_2,surprise,surprise_l2_60s,0.08073048775768829,-0.013548636312815986,-0.08465979417914171,2,5,near_atm_spread_change
120,diagnostic_2,surprise,surprise_l2_60s,0.08073048775768829,-0.013548636312815986,-0.08465979417914171,2,5,near_atm_spread_change
300,diagnostic_2,surprise,surprise_l2_60s,0.08073048775768829,-0.013548636312815986,-0.08465979417914171,2,5,near_atm_spread_change
60,diagnostic_2,surprise,surprise_l2_60s,0.039697711172334754,0.005352089773198627,-0.0025965566273056465,4,5,parity_restoration
120,diagnostic_2,surprise,surprise_l2_60s,0.039697711172334754,0.005352089773198627,-0.0025965566273056465,4,5,parity_restoration
300,diagnostic_2,surprise,surprise_l2_60s,0.039697711172334754,0.005352089773198627,-0.0025965566273056465,4,5,parity_restoration
60,diagnostic_2,surprise,surprise_l2_60s,0.11903541459172436,0.10472737545899784,0.0725014357503649,5,5,realized_futures_volatility
120,diagnostic_2,surprise,surprise_l2_60s,0.11903541459172436,0.10472737545899784,0.0725014357503649,5,5,realized_futures_volatility
300,diagnostic_2,surprise,surprise_l2_60s,0.11903541459172436,0.10472737545899784,0.0725014357503649,5,5,realized_futures_volatility
60,diagnostic_2,surprise,surprise_l2_60s,0.187299424654808,0.001821313555763789,-0.07800720060325526,3,5,surface_displacement
120,diagnostic_2,surprise,surprise_l2_60s,0.187299424654808,0.001821313555763789,-0.07800720060325526,3,5,surface_displacement
300,diagnostic_2,surprise,surprise_l2_60s,0.187299424654808,0.001821313555763789,-0.07800720060325526,3,5,surface_displacement
60,diagnostic_2,surprise,surprise_unit_l2_30s,0.16004827683158496,-0.03589996256982688,-0.13437289679586997,2,5,absolute_atm_iv_change
120,diagnostic_2,surprise,surprise_unit_l2_30s,0.16004827683158496,-0.03589996256982688,-0.13437289679586997,2,5,absolute_atm_iv_change
300,diagnostic_2,surprise,surprise_unit_l2_30s,0.16004827683158496,-0.03589996256982688,-0.13437289679586997,2,5,absolute_atm_iv_change
60,diagnostic_2,surprise,surprise_unit_l2_30s,0.19142345670582342,-0.002467528665475091,-0.07024649390903474,2,5,surface_displacement
120,diagnostic_2,surprise,surprise_unit_l2_30s,0.19142345670582342,-0.002467528665475091,-0.07024649390903474,2,5,surface_displacement
300,diagnostic_2,surprise,surprise_unit_l2_30s,0.19142345670582342,-0.002467528665475091,-0.07024649390903474,2,5,surface_displacement
60,diagnostic_2,surprise,surprise_unit_l2_5s,0.15882241591413332,-0.04158159338397109,-0.13485929243722272,2,5,absolute_atm_iv_change
120,diagnostic_2,surprise,surprise_unit_l2_5s,0.15882241591413332,-0.04158159338397109,-0.13485929243722272,2,5,absolute_atm_iv_change
300,diagnostic_2,surprise,surprise_unit_l2_5s,0.15882241591413332,-0.04158159338397109,-0.13485929243722272,2,5,absolute_atm_iv_change
60,diagnostic_2,surprise,surprise_unit_l2_5s,0.19326337038782215,-0.0009158845781184559,-0.07005190347774456,2,5,surface_displacement
120,diagnostic_2,surprise,surprise_unit_l2_5s,0.19326337038782215,-0.0009158845781184559,-0.07005190347774456,2,5,surface_displacement
300,diagnostic_2,surprise,surprise_unit_l2_5s,0.19326337038782215,-0.0009158845781184559,-0.07005190347774456,2,5,surface_displacement
60,diagnostic_2,surprise,surprise_unit_l2_60s,0.16459574097774943,-0.03578435681433459,-0.13168264087889506,2,5,absolute_atm_iv_change
120,diagnostic_2,surprise,surprise_unit_l2_60s,0.16459574097774943,-0.03578435681433459,-0.13168264087889506,2,5,absolute_atm_iv_change
300,diagnostic_2,surprise,surprise_unit_l2_60s,0.16459574097774943,-0.03578435681433459,-0.13168264087889506,2,5,absolute_atm_iv_change
60,diagnostic_2,surprise,surprise_unit_l2_60s,0.1944651795191444,0.006268778787541679,-0.06930197270547803,3,5,surface_displacement
120,diagnostic_2,surprise,surprise_unit_l2_60s,0.1944651795191444,0.006268778787541679,-0.06930197270547803,3,5,surface_displacement
300,diagnostic_2,surprise,surprise_unit_l2_60s,0.1944651795191444,0.006268778787541679,-0.06930197270547803,3,5,surface_displacement
60,diagnostic_1,latent_dynamics,acceleration_30s,0.11367199985797051,0.10487915328641999,0.09970017710107199,5,5,absolute_atm_iv_change
120,diagnostic_1,latent_dynamics,acceleration_30s,0.11367199985797051,0.10487915328641999,0.09970017710107199,5,5,absolute_atm_iv_change
300,diagnostic_1,latent_dynamics,acceleration_30s,0.11367199985797051,0.10487915328641999,0.09970017710107199,5,5,absolute_atm_iv_change
60,diagnostic_1,latent_dynamics,acceleration_30s,-0.04513816657582281,-0.05069407582850834,-0.06532546516351787,0,5,absolute_atm_straddle_change
120,diagnostic_1,latent_dynamics,acceleration_30s,-0.04513816657582281,-0.05069407582850834,-0.06532546516351787,0,5,absolute_atm_straddle_change
300,diagnostic_1,latent_dynamics,acceleration_30s,-0.04513816657582281,-0.05069407582850834,-0.06532546516351787,0,5,absolute_atm_straddle_change
60,diagnostic_1,latent_dynamics,acceleration_30s,0.03695678895762435,0.03326853277150489,0.007194780468531126,5,5,absolute_futures_return
120,diagnostic_1,latent_dynamics,acceleration_30s,0.03695678895762435,0.03326853277150489,0.007194780468531126,5,5,absolute_futures_return
300,diagnostic_1,latent_dynamics,acceleration_30s,0.03695678895762435,0.03326853277150489,0.007194780468531126,5,5,absolute_futures_return
60,diagnostic_1,latent_dynamics,acceleration_30s,0.04823156029584807,0.04108992466888831,0.03171028679436985,5,5,near_atm_spread_change
120,diagnostic_1,latent_dynamics,acceleration_30s,0.04823156029584807,0.04108992466888831,0.03171028679436985,5,5,near_atm_spread_change
300,diagnostic_1,latent_dynamics,acceleration_30s,0.04823156029584807,0.04108992466888831,0.03171028679436985,5,5,near_atm_spread_change
60,diagnostic_1,latent_dynamics,acceleration_30s,0.004433213021433438,-0.000708113297180312,-0.005692881160320326,2,5,parity_restoration
120,diagnostic_1,latent_dynamics,acceleration_30s,0.004433213021433438,-0.000708113297180312,-0.005692881160320326,2,5,parity_restoration
300,diagnostic_1,latent_dynamics,acceleration_30s,0.004433213021433438,-0.000708113297180312,-0.005692881160320326,2,5,parity_restoration
60,diagnostic_1,latent_dynamics,acceleration_30s,0.024964804250004562,0.014403568933285003,0.005285223528023,5,5,realized_futures_volatility
120,diagnostic_1,latent_dynamics,acceleration_30s,0.024964804250004562,0.014403568933285003,0.005285223528023,5,5,realized_futures_volatility
300,diagnostic_1,latent_dynamics,acceleration_30s,0.024964804250004562,0.014403568933285003,0.005285223528023,5,5,realized_futures_volatility
60,diagnostic_1,latent_dynamics,acceleration_30s,0.1586559812745576,0.15534338547141802,0.14585765519573635,5,5,surface_displacement
120,diagnostic_1,latent_dynamics,acceleration_30s,0.1586559812745576,0.15534338547141802,0.14585765519573635,5,5,surface_displacement
300,diagnostic_1,latent_dynamics,acceleration_30s,0.1586559812745576,0.15534338547141802,0.14585765519573635,5,5,surface_displacement
60,diagnostic_1,latent_dynamics,acceleration_5s,0.07045349419695257,0.06274000352243213,0.060636397281786936,5,5,absolute_atm_iv_change
120,diagnostic_1,latent_dynamics,acceleration_5s,0.07045349419695257,0.06274000352243213,0.060636397281786936,5,5,absolute_atm_iv_change
300,diagnostic_1,latent_dynamics,acceleration_5s,0.07045349419695257,0.06274000352243213,0.060636397281786936,5,5,absolute_atm_iv_change
60,diagnostic_1,latent_dynamics,acceleration_5s,-0.0112066122580435,-0.027375223700907895,-0.0463228680227785,0,5,absolute_atm_straddle_change
120,diagnostic_1,latent_dynamics,acceleration_5s,-0.0112066122580435,-0.027375223700907895,-0.0463228680227785,0,5,absolute_atm_straddle_change
300,diagnostic_1,latent_dynamics,acceleration_5s,-0.0112066122580435,-0.027375223700907895,-0.0463228680227785,0,5,absolute_atm_straddle_change
60,diagnostic_1,latent_dynamics,acceleration_5s,0.04330300344741797,0.03179426240449069,0.020293861458516086,5,5,absolute_futures_return
120,diagnostic_1,latent_dynamics,acceleration_5s,0.04330300344741797,0.03179426240449069,0.020293861458516086,5,5,absolute_futures_return
300,diagnostic_1,latent_dynamics,acceleration_5s,0.04330300344741797,0.03179426240449069,0.020293861458516086,5,5,absolute_futures_return
60,diagnostic_1,latent_dynamics,acceleration_5s,0.0668765744260747,0.04257170771685845,0.03417301118788463,5,5,near_atm_spread_change
120,diagnostic_1,latent_dynamics,acceleration_5s,0.0668765744260747,0.04257170771685845,0.03417301118788463,5,5,near_atm_spread_change
300,diagnostic_1,latent_dynamics,acceleration_5s,0.0668765744260747,0.04257170771685845,0.03417301118788463,5,5,near_atm_spread_change
60,diagnostic_1,latent_dynamics,acceleration_5s,0.05388602931837115,0.030820487574491278,0.022076682002293516,5,5,parity_restoration
120,diagnostic_1,latent_dynamics,acceleration_5s,0.05388602931837115,0.030820487574491278,0.022076682002293516,5,5,parity_restoration
300,diagnostic_1,latent_dynamics,acceleration_5s,0.05388602931837115,0.030820487574491278,0.022076682002293516,5,5,parity_restoration
60,diagnostic_1,latent_dynamics,acceleration_5s,0.041175405177445897,0.029930691218012475,0.0229840243353247,5,5,realized_futures_volatility
120,diagnostic_1,latent_dynamics,acceleration_5s,0.041175405177445897,0.029930691218012475,0.0229840243353247,5,5,realized_futures_volatility
300,diagnostic_1,latent_dynamics,acceleration_5s,0.041175405177445897,0.029930691218012475,0.0229840243353247,5,5,realized_futures_volatility
60,diagnostic_1,latent_dynamics,acceleration_5s,0.1445408669902691,0.1369435693112304,0.1262658189315534,5,5,surface_displacement
120,diagnostic_1,latent_dynamics,acceleration_5s,0.1445408669902691,0.1369435693112304,0.1262658189315534,5,5,surface_displacement
300,diagnostic_1,latent_dynamics,acceleration_5s,0.1445408669902691,0.1369435693112304,0.1262658189315534,5,5,surface_displacement
60,diagnostic_1,latent_dynamics,acceleration_60s,0.11294771347124402,0.10977734893043899,0.09868072132687862,5,5,absolute_atm_iv_change
120,diagnostic_1,latent_dynamics,acceleration_60s,0.11294771347124402,0.10977734893043899,0.09868072132687862,5,5,absolute_atm_iv_change
300,diagnostic_1,latent_dynamics,acceleration_60s,0.11294771347124402,0.10977734893043899,0.09868072132687862,5,5,absolute_atm_iv_change
60,diagnostic_1,latent_dynamics,acceleration_60s,-0.015241049785401225,-0.04079836004724703,-0.05105204637118224,0,5,absolute_atm_straddle_change
120,diagnostic_1,latent_dynamics,acceleration_60s,-0.015241049785401225,-0.04079836004724703,-0.05105204637118224,0,5,absolute_atm_straddle_change
300,diagnostic_1,latent_dynamics,acceleration_60s,-0.015241049785401225,-0.04079836004724703,-0.05105204637118224,0,5,absolute_atm_straddle_change
60,diagnostic_1,latent_dynamics,acceleration_60s,0.08657224526685257,0.07351915041772407,0.0681774250522169,5,5,absolute_futures_return
120,diagnostic_1,latent_dynamics,acceleration_60s,0.08657224526685257,0.07351915041772407,0.0681774250522169,5,5,absolute_futures_return
300,diagnostic_1,latent_dynamics,acceleration_60s,0.08657224526685257,0.07351915041772407,0.0681774250522169,5,5,absolute_futures_return
60,diagnostic_1,latent_dynamics,acceleration_60s,0.060381125316232624,0.04105814178815593,0.03766554463575491,5,5,near_atm_spread_change
120,diagnostic_1,latent_dynamics,acceleration_60s,0.060381125316232624,0.04105814178815593,0.03766554463575491,5,5,near_atm_spread_change
300,diagnostic_1,latent_dynamics,acceleration_60s,0.060381125316232624,0.04105814178815593,0.03766554463575491,5,5,near_atm_spread_change
60,diagnostic_1,latent_dynamics,acceleration_60s,0.006689897508411552,-0.0029376259106651133,-0.012030593840594576,1,5,parity_restoration
120,diagnostic_1,latent_dynamics,acceleration_60s,0.006689897508411552,-0.0029376259106651133,-0.012030593840594576,1,5,parity_restoration
300,diagnostic_1,latent_dynamics,acceleration_60s,0.006689897508411552,-0.0029376259106651133,-0.012030593840594576,1,5,parity_restoration
60,diagnostic_1,latent_dynamics,acceleration_60s,0.049765169471320904,0.039395295638150946,0.029563190834646574,5,5,realized_futures_volatility
120,diagnostic_1,latent_dynamics,acceleration_60s,0.049765169471320904,0.039395295638150946,0.029563190834646574,5,5,realized_futures_volatility
300,diagnostic_1,latent_dynamics,acceleration_60s,0.049765169471320904,0.039395295638150946,0.029563190834646574,5,5,realized_futures_volatility
60,diagnostic_1,latent_dynamics,acceleration_60s,0.14890390087387048,0.14423813045056164,0.13266544858322413,5,5,surface_displacement
120,diagnostic_1,latent_dynamics,acceleration_60s,0.14890390087387048,0.14423813045056164,0.13266544858322413,5,5,surface_displacement
300,diagnostic_1,latent_dynamics,acceleration_60s,0.14890390087387048,0.14423813045056164,0.13266544858322413,5,5,surface_displacement
60,diagnostic_1,latent_dynamics,curvature_30s,-0.032144982604073724,-0.04637797977993921,-0.05644526167136803,0,5,absolute_atm_iv_change
120,diagnostic_1,latent_dynamics,curvature_30s,-0.032144982604073724,-0.04637797977993921,-0.05644526167136803,0,5,absolute_atm_iv_change
300,diagnostic_1,latent_dynamics,curvature_30s,-0.032144982604073724,-0.04637797977993921,-0.05644526167136803,0,5,absolute_atm_iv_change
60,diagnostic_1,latent_dynamics,curvature_30s,-0.02476446269434706,-0.03085076949998766,-0.035162264481263666,0,5,absolute_atm_straddle_change
120,diagnostic_1,latent_dynamics,curvature_30s,-0.02476446269434706,-0.03085076949998766,-0.035162264481263666,0,5,absolute_atm_straddle_change
300,diagnostic_1,latent_dynamics,curvature_30s,-0.02476446269434706,-0.03085076949998766,-0.035162264481263666,0,5,absolute_atm_straddle_change
60,diagnostic_1,latent_dynamics,curvature_30s,-0.03407038673368365,-0.04680569282666628,-0.05898140994347365,0,5,absolute_futures_return
120,diagnostic_1,latent_dynamics,curvature_30s,-0.03407038673368365,-0.04680569282666628,-0.05898140994347365,0,5,absolute_futures_return
300,diagnostic_1,latent_dynamics,curvature_30s,-0.03407038673368365,-0.04680569282666628,-0.05898140994347365,0,5,absolute_futures_return
60,diagnostic_1,latent_dynamics,curvature_30s,-0.03400139689698298,-0.04215216864673407,-0.054577641169567946,0,5,near_atm_spread_change
120,diagnostic_1,latent_dynamics,curvature_30s,-0.03400139689698298,-0.04215216864673407,-0.054577641169567946,0,5,near_atm_spread_change
300,diagnostic_1,latent_dynamics,curvature_30s,-0.03400139689698298,-0.04215216864673407,-0.054577641169567946,0,5,near_atm_spread_change
60,diagnostic_1,latent_dynamics,curvature_30s,8.92728741495622e-06,-0.0058034379058100605,-0.020103213875268484,1,5,parity_restoration
120,diagnostic_1,latent_dynamics,curvature_30s,8.92728741495622e-06,-0.0058034379058100605,-0.020103213875268484,1,5,parity_restoration
300,diagnostic_1,latent_dynamics,curvature_30s,8.92728741495622e-06,-0.0058034379058100605,-0.020103213875268484,1,5,parity_restoration
60,diagnostic_1,latent_dynamics,curvature_30s,-0.01573516457380214,-0.034551839981571214,-0.04267172663338415,0,5,realized_futures_volatility
120,diagnostic_1,latent_dynamics,curvature_30s,-0.01573516457380214,-0.034551839981571214,-0.04267172663338415,0,5,realized_futures_volatility
300,diagnostic_1,latent_dynamics,curvature_30s,-0.01573516457380214,-0.034551839981571214,-0.04267172663338415,0,5,realized_futures_volatility
60,diagnostic_1,latent_dynamics,curvature_30s,-0.04445954525442298,-0.058516018661801894,-0.07021599179320301,0,5,surface_displacement
120,diagnostic_1,latent_dynamics,curvature_30s,-0.04445954525442298,-0.058516018661801894,-0.07021599179320301,0,5,surface_displacement
300,diagnostic_1,latent_dynamics,curvature_30s,-0.04445954525442298,-0.058516018661801894,-0.07021599179320301,0,5,surface_displacement
60,diagnostic_1,latent_dynamics,curvature_5s,-0.038791257240681436,-0.04597786280272107,-0.05116042195368367,0,5,absolute_atm_iv_change
120,diagnostic_1,latent_dynamics,curvature_5s,-0.038791257240681436,-0.04597786280272107,-0.05116042195368367,0,5,absolute_atm_iv_change
300,diagnostic_1,latent_dynamics,curvature_5s,-0.038791257240681436,-0.04597786280272107,-0.05116042195368367,0,5,absolute_atm_iv_change
60,diagnostic_1,latent_dynamics,curvature_5s,0.017879931303810517,0.013503012518953179,0.008451813790751564,5,5,absolute_atm_straddle_change
120,diagnostic_1,latent_dynamics,curvature_5s,0.017879931303810517,0.013503012518953179,0.008451813790751564,5,5,absolute_atm_straddle_change
300,diagnostic_1,latent_dynamics,curvature_5s,0.017879931303810517,0.013503012518953179,0.008451813790751564,5,5,absolute_atm_straddle_change
60,diagnostic_1,latent_dynamics,curvature_5s,0.028369263679157562,0.014505988316840569,0.009789226983761874,5,5,absolute_futures_return
120,diagnostic_1,latent_dynamics,curvature_5s,0.028369263679157562,0.014505988316840569,0.009789226983761874,5,5,absolute_futures_return
300,diagnostic_1,latent_dynamics,curvature_5s,0.028369263679157562,0.014505988316840569,0.009789226983761874,5,5,absolute_futures_return
60,diagnostic_1,latent_dynamics,curvature_5s,0.012104818352585658,-0.014446474847155655,-0.026484138867711525,1,5,near_atm_spread_change
120,diagnostic_1,latent_dynamics,curvature_5s,0.012104818352585658,-0.014446474847155655,-0.026484138867711525,1,5,near_atm_spread_change
300,diagnostic_1,latent_dynamics,curvature_5s,0.012104818352585658,-0.014446474847155655,-0.026484138867711525,1,5,near_atm_spread_change
60,diagnostic_1,latent_dynamics,curvature_5s,0.002672836764812116,-0.0018887730974814464,-0.006681822640791096,1,5,parity_restoration
120,diagnostic_1,latent_dynamics,curvature_5s,0.002672836764812116,-0.0018887730974814464,-0.006681822640791096,1,5,parity_restoration
300,diagnostic_1,latent_dynamics,curvature_5s,0.002672836764812116,-0.0018887730974814464,-0.006681822640791096,1,5,parity_restoration
60,diagnostic_1,latent_dynamics,curvature_5s,0.02622852485069611,0.020711976061184672,0.008737216112971735,5,5,realized_futures_volatility
120,diagnostic_1,latent_dynamics,curvature_5s,0.02622852485069611,0.020711976061184672,0.008737216112971735,5,5,realized_futures_volatility
300,diagnostic_1,latent_dynamics,curvature_5s,0.02622852485069611,0.020711976061184672,0.008737216112971735,5,5,realized_futures_volatility
60,diagnostic_1,latent_dynamics,curvature_5s,-0.025200462850776775,-0.03656304682627644,-0.04819403233924041,0,5,surface_displacement
120,diagnostic_1,latent_dynamics,curvature_5s,-0.025200462850776775,-0.03656304682627644,-0.04819403233924041,0,5,surface_displacement
300,diagnostic_1,latent_dynamics,curvature_5s,-0.025200462850776775,-0.03656304682627644,-0.04819403233924041,0,5,surface_displacement
60,diagnostic_1,latent_dynamics,curvature_60s,-0.048845404861078724,-0.05345650832065178,-0.06371182981512126,0,5,absolute_atm_iv_change
120,diagnostic_1,latent_dynamics,curvature_60s,-0.048845404861078724,-0.05345650832065178,-0.06371182981512126,0,5,absolute_atm_iv_change
300,diagnostic_1,latent_dynamics,curvature_60s,-0.048845404861078724,-0.05345650832065178,-0.06371182981512126,0,5,absolute_atm_iv_change
60,diagnostic_1,latent_dynamics,curvature_60s,-0.007529878571054797,-0.01012529088332359,-0.013253875666924524,0,5,absolute_atm_straddle_change
120,diagnostic_1,latent_dynamics,curvature_60s,-0.007529878571054797,-0.01012529088332359,-0.013253875666924524,0,5,absolute_atm_straddle_change
300,diagnostic_1,latent_dynamics,curvature_60s,-0.007529878571054797,-0.01012529088332359,-0.013253875666924524,0,5,absolute_atm_straddle_change
60,diagnostic_1,latent_dynamics,curvature_60s,0.0021888716408494206,-0.0035438204673057575,-0.01880442477349814,1,5,absolute_futures_return
120,diagnostic_1,latent_dynamics,curvature_60s,0.0021888716408494206,-0.0035438204673057575,-0.01880442477349814,1,5,absolute_futures_return
300,diagnostic_1,latent_dynamics,curvature_60s,0.0021888716408494206,-0.0035438204673057575,-0.01880442477349814,1,5,absolute_futures_return
60,diagnostic_1,latent_dynamics,curvature_60s,-0.032824943613212955,-0.037938881333519886,-0.060471385596105785,0,5,near_atm_spread_change
120,diagnostic_1,latent_dynamics,curvature_60s,-0.032824943613212955,-0.037938881333519886,-0.060471385596105785,0,5,near_atm_spread_change
300,diagnostic_1,latent_dynamics,curvature_60s,-0.032824943613212955,-0.037938881333519886,-0.060471385596105785,0,5,near_atm_spread_change
60,diagnostic_1,latent_dynamics,curvature_60s,-0.004008974198995493,-0.008903195929706597,-0.01998824323002092,0,5,parity_restoration
120,diagnostic_1,latent_dynamics,curvature_60s,-0.004008974198995493,-0.008903195929706597,-0.01998824323002092,0,5,parity_restoration
300,diagnostic_1,latent_dynamics,curvature_60s,-0.004008974198995493,-0.008903195929706597,-0.01998824323002092,0,5,parity_restoration
60,diagnostic_1,latent_dynamics,curvature_60s,0.024601939629381533,0.01583133948554993,0.007183313579433604,5,5,realized_futures_volatility
120,diagnostic_1,latent_dynamics,curvature_60s,0.024601939629381533,0.01583133948554993,0.007183313579433604,5,5,realized_futures_volatility
300,diagnostic_1,latent_dynamics,curvature_60s,0.024601939629381533,0.01583133948554993,0.007183313579433604,5,5,realized_futures_volatility
60,diagnostic_1,latent_dynamics,curvature_60s,-0.056273955626466005,-0.06683960322803968,-0.08048293188145134,0,5,surface_displacement
120,diagnostic_1,latent_dynamics,curvature_60s,-0.056273955626466005,-0.06683960322803968,-0.08048293188145134,0,5,surface_displacement
300,diagnostic_1,latent_dynamics,curvature_60s,-0.056273955626466005,-0.06683960322803968,-0.08048293188145134,0,5,surface_displacement
60,diagnostic_1,latent_dynamics,velocity_30s,0.15715292423731628,0.14285516370852944,0.1357119484159072,5,5,absolute_atm_iv_change
120,diagnostic_1,latent_dynamics,velocity_30s,0.15715292423731628,0.14285516370852944,0.1357119484159072,5,5,absolute_atm_iv_change
300,diagnostic_1,latent_dynamics,velocity_30s,0.15715292423731628,0.14285516370852944,0.1357119484159072,5,5,absolute_atm_iv_change
60,diagnostic_1,latent_dynamics,velocity_30s,-0.021233959872684435,-0.03936560910897331,-0.04560276479340474,0,5,absolute_atm_straddle_change
120,diagnostic_1,latent_dynamics,velocity_30s,-0.021233959872684435,-0.03936560910897331,-0.04560276479340474,0,5,absolute_atm_straddle_change
300,diagnostic_1,latent_dynamics,velocity_30s,-0.021233959872684435,-0.03936560910897331,-0.04560276479340474,0,5,absolute_atm_straddle_change
60,diagnostic_1,latent_dynamics,velocity_30s,0.05739926716031531,0.05511521004666155,0.029888969007280015,5,5,absolute_futures_return
120,diagnostic_1,latent_dynamics,velocity_30s,0.05739926716031531,0.05511521004666155,0.029888969007280015,5,5,absolute_futures_return
300,diagnostic_1,latent_dynamics,velocity_30s,0.05739926716031531,0.05511521004666155,0.029888969007280015,5,5,absolute_futures_return
60,diagnostic_1,latent_dynamics,velocity_30s,0.059531599545319,0.05580548719305794,0.036825173619894555,5,5,near_atm_spread_change
120,diagnostic_1,latent_dynamics,velocity_30s,0.059531599545319,0.05580548719305794,0.036825173619894555,5,5,near_atm_spread_change
300,diagnostic_1,latent_dynamics,velocity_30s,0.059531599545319,0.05580548719305794,0.036825173619894555,5,5,near_atm_spread_change
60,diagnostic_1,latent_dynamics,velocity_30s,0.04115832283319906,0.033023716699386405,0.01999476085512364,5,5,parity_restoration
120,diagnostic_1,latent_dynamics,velocity_30s,0.04115832283319906,0.033023716699386405,0.01999476085512364,5,5,parity_restoration
300,diagnostic_1,latent_dynamics,velocity_30s,0.04115832283319906,0.033023716699386405,0.01999476085512364,5,5,parity_restoration
60,diagnostic_1,latent_dynamics,velocity_30s,0.05112880068455799,0.04119973113809189,0.034383194903160115,5,5,realized_futures_volatility
120,diagnostic_1,latent_dynamics,velocity_30s,0.05112880068455799,0.04119973113809189,0.034383194903160115,5,5,realized_futures_volatility
300,diagnostic_1,latent_dynamics,velocity_30s,0.05112880068455799,0.04119973113809189,0.034383194903160115,5,5,realized_futures_volatility
60,diagnostic_1,latent_dynamics,velocity_30s,0.20948211452109913,0.19918298706141047,0.19241760719634668,5,5,surface_displacement
120,diagnostic_1,latent_dynamics,velocity_30s,0.20948211452109913,0.19918298706141047,0.19241760719634668,5,5,surface_displacement
300,diagnostic_1,latent_dynamics,velocity_30s,0.20948211452109913,0.19918298706141047,0.19241760719634668,5,5,surface_displacement
60,diagnostic_1,latent_dynamics,velocity_5s,0.12494761039617536,0.11926276346491767,0.11126243189463603,5,5,absolute_atm_iv_change
120,diagnostic_1,latent_dynamics,velocity_5s,0.12494761039617536,0.11926276346491767,0.11126243189463603,5,5,absolute_atm_iv_change
300,diagnostic_1,latent_dynamics,velocity_5s,0.12494761039617536,0.11926276346491767,0.11126243189463603,5,5,absolute_atm_iv_change
60,diagnostic_1,latent_dynamics,velocity_5s,0.004644613633344143,-0.01998646054221407,-0.03229427073642106,1,5,absolute_atm_straddle_change
120,diagnostic_1,latent_dynamics,velocity_5s,0.004644613633344143,-0.01998646054221407,-0.03229427073642106,1,5,absolute_atm_straddle_change
300,diagnostic_1,latent_dynamics,velocity_5s,0.004644613633344143,-0.01998646054221407,-0.03229427073642106,1,5,absolute_atm_straddle_change
60,diagnostic_1,latent_dynamics,velocity_5s,0.07526722866668789,0.058348284713959926,0.055688955934538965,5,5,absolute_futures_return
120,diagnostic_1,latent_dynamics,velocity_5s,0.07526722866668789,0.058348284713959926,0.055688955934538965,5,5,absolute_futures_return
300,diagnostic_1,latent_dynamics,velocity_5s,0.07526722866668789,0.058348284713959926,0.055688955934538965,5,5,absolute_futures_return
60,diagnostic_1,latent_dynamics,velocity_5s,0.08967950921877552,0.07394809677338925,0.05722432289260875,5,5,near_atm_spread_change
120,diagnostic_1,latent_dynamics,velocity_5s,0.08967950921877552,0.07394809677338925,0.05722432289260875,5,5,near_atm_spread_change
300,diagnostic_1,latent_dynamics,velocity_5s,0.08967950921877552,0.07394809677338925,0.05722432289260875,5,5,near_atm_spread_change
60,diagnostic_1,latent_dynamics,velocity_5s,0.05787501018624139,0.03959672153106855,0.03263391470248762,5,5,parity_restoration
120,diagnostic_1,latent_dynamics,velocity_5s,0.05787501018624139,0.03959672153106855,0.03263391470248762,5,5,parity_restoration
300,diagnostic_1,latent_dynamics,velocity_5s,0.05787501018624139,0.03959672153106855,0.03263391470248762,5,5,parity_restoration
60,diagnostic_1,latent_dynamics,velocity_5s,0.06388607878500609,0.046266268105287355,0.04371964675667267,5,5,realized_futures_volatility
120,diagnostic_1,latent_dynamics,velocity_5s,0.06388607878500609,0.046266268105287355,0.04371964675667267,5,5,realized_futures_volatility
300,diagnostic_1,latent_dynamics,velocity_5s,0.06388607878500609,0.046266268105287355,0.04371964675667267,5,5,realized_futures_volatility
60,diagnostic_1,latent_dynamics,velocity_5s,0.19563387349067624,0.19058633296678984,0.18749859476261482,5,5,surface_displacement
120,diagnostic_1,latent_dynamics,velocity_5s,0.19563387349067624,0.19058633296678984,0.18749859476261482,5,5,surface_displacement
300,diagnostic_1,latent_dynamics,velocity_5s,0.19563387349067624,0.19058633296678984,0.18749859476261482,5,5,surface_displacement
60,diagnostic_1,latent_dynamics,velocity_60s,0.13866515516055714,0.1319258182350754,0.12881754301797213,5,5,absolute_atm_iv_change
120,diagnostic_1,latent_dynamics,velocity_60s,0.13866515516055714,0.1319258182350754,0.12881754301797213,5,5,absolute_atm_iv_change
300,diagnostic_1,latent_dynamics,velocity_60s,0.13866515516055714,0.1319258182350754,0.12881754301797213,5,5,absolute_atm_iv_change
60,diagnostic_1,latent_dynamics,velocity_60s,-0.006208330816933641,-0.013252912082239807,-0.0291017983731981,0,5,absolute_atm_straddle_change
120,diagnostic_1,latent_dynamics,velocity_60s,-0.006208330816933641,-0.013252912082239807,-0.0291017983731981,0,5,absolute_atm_straddle_change
300,diagnostic_1,latent_dynamics,velocity_60s,-0.006208330816933641,-0.013252912082239807,-0.0291017983731981,0,5,absolute_atm_straddle_change
60,diagnostic_1,latent_dynamics,velocity_60s,0.07925496509928326,0.06678174264106389,0.059834418991503456,5,5,absolute_futures_return
120,diagnostic_1,latent_dynamics,velocity_60s,0.07925496509928326,0.06678174264106389,0.059834418991503456,5,5,absolute_futures_return
300,diagnostic_1,latent_dynamics,velocity_60s,0.07925496509928326,0.06678174264106389,0.059834418991503456,5,5,absolute_futures_return
60,diagnostic_1,latent_dynamics,velocity_60s,0.08676984127613202,0.08020554467165462,0.06183810084632576,5,5,near_atm_spread_change
120,diagnostic_1,latent_dynamics,velocity_60s,0.08676984127613202,0.08020554467165462,0.06183810084632576,5,5,near_atm_spread_change
300,diagnostic_1,latent_dynamics,velocity_60s,0.08676984127613202,0.08020554467165462,0.06183810084632576,5,5,near_atm_spread_change
60,diagnostic_1,latent_dynamics,velocity_60s,0.018910147513552814,0.010739902291981252,0.004795688074498217,5,5,parity_restoration
120,diagnostic_1,latent_dynamics,velocity_60s,0.018910147513552814,0.010739902291981252,0.004795688074498217,5,5,parity_restoration
300,diagnostic_1,latent_dynamics,velocity_60s,0.018910147513552814,0.010739902291981252,0.004795688074498217,5,5,parity_restoration
60,diagnostic_1,latent_dynamics,velocity_60s,0.05265617778069886,0.04393565648563327,0.040557522694313536,5,5,realized_futures_volatility
120,diagnostic_1,latent_dynamics,velocity_60s,0.05265617778069886,0.04393565648563327,0.040557522694313536,5,5,realized_futures_volatility
300,diagnostic_1,latent_dynamics,velocity_60s,0.05265617778069886,0.04393565648563327,0.040557522694313536,5,5,realized_futures_volatility
60,diagnostic_1,latent_dynamics,velocity_60s,0.19692878650235954,0.19324621995691563,0.18157376433771905,5,5,surface_displacement
120,diagnostic_1,latent_dynamics,velocity_60s,0.19692878650235954,0.19324621995691563,0.18157376433771905,5,5,surface_displacement
300,diagnostic_1,latent_dynamics,velocity_60s,0.19692878650235954,0.19324621995691563,0.18157376433771905,5,5,surface_displacement
60,diagnostic_2,latent_dynamics,acceleration_30s,0.10107676227410141,0.09536948885440301,0.08108755215731812,5,5,absolute_atm_iv_change
120,diagnostic_2,latent_dynamics,acceleration_30s,0.10107676227410141,0.09536948885440301,0.08108755215731812,5,5,absolute_atm_iv_change
300,diagnostic_2,latent_dynamics,acceleration_30s,0.10107676227410141,0.09536948885440301,0.08108755215731812,5,5,absolute_atm_iv_change
60,diagnostic_2,latent_dynamics,acceleration_30s,0.05390905229345978,0.03825415859137498,0.029478160796979257,5,5,absolute_atm_straddle_change
120,diagnostic_2,latent_dynamics,acceleration_30s,0.05390905229345978,0.03825415859137498,0.029478160796979257,5,5,absolute_atm_straddle_change
300,diagnostic_2,latent_dynamics,acceleration_30s,0.05390905229345978,0.03825415859137498,0.029478160796979257,5,5,absolute_atm_straddle_change
60,diagnostic_2,latent_dynamics,acceleration_30s,0.01429629803826649,0.008020984511726415,-0.0036677849258254934,4,5,absolute_futures_return
120,diagnostic_2,latent_dynamics,acceleration_30s,0.01429629803826649,0.008020984511726415,-0.0036677849258254934,4,5,absolute_futures_return
300,diagnostic_2,latent_dynamics,acceleration_30s,0.01429629803826649,0.008020984511726415,-0.0036677849258254934,4,5,absolute_futures_return
60,diagnostic_2,latent_dynamics,acceleration_30s,0.0403210894070587,0.03354694843928584,0.028487548147832227,5,5,near_atm_spread_change
120,diagnostic_2,latent_dynamics,acceleration_30s,0.0403210894070587,0.03354694843928584,0.028487548147832227,5,5,near_atm_spread_change
300,diagnostic_2,latent_dynamics,acceleration_30s,0.0403210894070587,0.03354694843928584,0.028487548147832227,5,5,near_atm_spread_change
60,diagnostic_2,latent_dynamics,acceleration_30s,0.01720812161971133,0.012870121052622047,0.007762079806106886,5,5,parity_restoration
120,diagnostic_2,latent_dynamics,acceleration_30s,0.01720812161971133,0.012870121052622047,0.007762079806106886,5,5,parity_restoration
300,diagnostic_2,latent_dynamics,acceleration_30s,0.01720812161971133,0.012870121052622047,0.007762079806106886,5,5,parity_restoration
60,diagnostic_2,latent_dynamics,acceleration_30s,-0.001995958497599393,-0.008709540024823699,-0.018484369518827152,0,5,realized_futures_volatility
120,diagnostic_2,latent_dynamics,acceleration_30s,-0.001995958497599393,-0.008709540024823699,-0.018484369518827152,0,5,realized_futures_volatility
300,diagnostic_2,latent_dynamics,acceleration_30s,-0.001995958497599393,-0.008709540024823699,-0.018484369518827152,0,5,realized_futures_volatility
60,diagnostic_2,latent_dynamics,acceleration_30s,0.13378241464385687,0.13176121692902132,0.11901041904986773,5,5,surface_displacement
120,diagnostic_2,latent_dynamics,acceleration_30s,0.13378241464385687,0.13176121692902132,0.11901041904986773,5,5,surface_displacement
300,diagnostic_2,latent_dynamics,acceleration_30s,0.13378241464385687,0.13176121692902132,0.11901041904986773,5,5,surface_displacement
60,diagnostic_2,latent_dynamics,acceleration_5s,0.11168039703356339,0.10447294279521979,0.09478811575846414,5,5,absolute_atm_iv_change
120,diagnostic_2,latent_dynamics,acceleration_5s,0.11168039703356339,0.10447294279521979,0.09478811575846414,5,5,absolute_atm_iv_change
300,diagnostic_2,latent_dynamics,acceleration_5s,0.11168039703356339,0.10447294279521979,0.09478811575846414,5,5,absolute_atm_iv_change
60,diagnostic_2,latent_dynamics,acceleration_5s,0.02034231461447015,0.007797969214723786,-0.004537723327666538,4,5,absolute_atm_straddle_change
120,diagnostic_2,latent_dynamics,acceleration_5s,0.02034231461447015,0.007797969214723786,-0.004537723327666538,4,5,absolute_atm_straddle_change
300,diagnostic_2,latent_dynamics,acceleration_5s,0.02034231461447015,0.007797969214723786,-0.004537723327666538,4,5,absolute_atm_straddle_change
60,diagnostic_2,latent_dynamics,acceleration_5s,0.014290927872467532,0.0072756094306179455,-0.002923086339436154,3,5,absolute_futures_return
120,diagnostic_2,latent_dynamics,acceleration_5s,0.014290927872467532,0.0072756094306179455,-0.002923086339436154,3,5,absolute_futures_return
300,diagnostic_2,latent_dynamics,acceleration_5s,0.014290927872467532,0.0072756094306179455,-0.002923086339436154,3,5,absolute_futures_return
60,diagnostic_2,latent_dynamics,acceleration_5s,0.0365654210279495,0.026214106965378077,0.018958218448847042,5,5,near_atm_spread_change
120,diagnostic_2,latent_dynamics,acceleration_5s,0.0365654210279495,0.026214106965378077,0.018958218448847042,5,5,near_atm_spread_change
300,diagnostic_2,latent_dynamics,acceleration_5s,0.0365654210279495,0.026214106965378077,0.018958218448847042,5,5,near_atm_spread_change
60,diagnostic_2,latent_dynamics,acceleration_5s,0.015589994684805982,0.007547827654627374,-0.00026163867769873065,4,5,parity_restoration
120,diagnostic_2,latent_dynamics,acceleration_5s,0.015589994684805982,0.007547827654627374,-0.00026163867769873065,4,5,parity_restoration
300,diagnostic_2,latent_dynamics,acceleration_5s,0.015589994684805982,0.007547827654627374,-0.00026163867769873065,4,5,parity_restoration
60,diagnostic_2,latent_dynamics,acceleration_5s,0.015524781829841114,0.00986372456718453,-0.003008313495463025,4,5,realized_futures_volatility
120,diagnostic_2,latent_dynamics,acceleration_5s,0.015524781829841114,0.00986372456718453,-0.003008313495463025,4,5,realized_futures_volatility
300,diagnostic_2,latent_dynamics,acceleration_5s,0.015524781829841114,0.00986372456718453,-0.003008313495463025,4,5,realized_futures_volatility
60,diagnostic_2,latent_dynamics,acceleration_5s,0.13808868246470246,0.13578689163553534,0.12497388644043063,5,5,surface_displacement
120,diagnostic_2,latent_dynamics,acceleration_5s,0.13808868246470246,0.13578689163553534,0.12497388644043063,5,5,surface_displacement
300,diagnostic_2,latent_dynamics,acceleration_5s,0.13808868246470246,0.13578689163553534,0.12497388644043063,5,5,surface_displacement
60,diagnostic_2,latent_dynamics,acceleration_60s,0.07660143058292138,0.07297111306615635,0.06078758125717817,5,5,absolute_atm_iv_change
120,diagnostic_2,latent_dynamics,acceleration_60s,0.07660143058292138,0.07297111306615635,0.06078758125717817,5,5,absolute_atm_iv_change
300,diagnostic_2,latent_dynamics,acceleration_60s,0.07660143058292138,0.07297111306615635,0.06078758125717817,5,5,absolute_atm_iv_change
60,diagnostic_2,latent_dynamics,acceleration_60s,0.023063819591829827,0.013846618751741315,0.00887744189888248,5,5,absolute_atm_straddle_change
120,diagnostic_2,latent_dynamics,acceleration_60s,0.023063819591829827,0.013846618751741315,0.00887744189888248,5,5,absolute_atm_straddle_change
300,diagnostic_2,latent_dynamics,acceleration_60s,0.023063819591829827,0.013846618751741315,0.00887744189888248,5,5,absolute_atm_straddle_change
60,diagnostic_2,latent_dynamics,acceleration_60s,0.012775484415960499,-0.003849128974184641,-0.0043689626417083354,2,5,absolute_futures_return
120,diagnostic_2,latent_dynamics,acceleration_60s,0.012775484415960499,-0.003849128974184641,-0.0043689626417083354,2,5,absolute_futures_return
300,diagnostic_2,latent_dynamics,acceleration_60s,0.012775484415960499,-0.003849128974184641,-0.0043689626417083354,2,5,absolute_futures_return
60,diagnostic_2,latent_dynamics,acceleration_60s,0.05826995981652477,0.053825348859636225,0.04494313880162881,5,5,near_atm_spread_change
120,diagnostic_2,latent_dynamics,acceleration_60s,0.05826995981652477,0.053825348859636225,0.04494313880162881,5,5,near_atm_spread_change
300,diagnostic_2,latent_dynamics,acceleration_60s,0.05826995981652477,0.053825348859636225,0.04494313880162881,5,5,near_atm_spread_change
60,diagnostic_2,latent_dynamics,acceleration_60s,0.003024227943088587,-0.00532201023049662,-0.008588840172369544,2,5,parity_restoration
120,diagnostic_2,latent_dynamics,acceleration_60s,0.003024227943088587,-0.00532201023049662,-0.008588840172369544,2,5,parity_restoration
300,diagnostic_2,latent_dynamics,acceleration_60s,0.003024227943088587,-0.00532201023049662,-0.008588840172369544,2,5,parity_restoration
60,diagnostic_2,latent_dynamics,acceleration_60s,-0.003806071318304336,-0.01692618691804596,-0.020683379847051077,0,5,realized_futures_volatility
120,diagnostic_2,latent_dynamics,acceleration_60s,-0.003806071318304336,-0.01692618691804596,-0.020683379847051077,0,5,realized_futures_volatility
300,diagnostic_2,latent_dynamics,acceleration_60s,-0.003806071318304336,-0.01692618691804596,-0.020683379847051077,0,5,realized_futures_volatility
60,diagnostic_2,latent_dynamics,acceleration_60s,0.11992378594463995,0.10219211456767131,0.09524841370443508,5,5,surface_displacement
120,diagnostic_2,latent_dynamics,acceleration_60s,0.11992378594463995,0.10219211456767131,0.09524841370443508,5,5,surface_displacement
300,diagnostic_2,latent_dynamics,acceleration_60s,0.11992378594463995,0.10219211456767131,0.09524841370443508,5,5,surface_displacement
60,diagnostic_2,latent_dynamics,curvature_30s,-0.04182622456041054,-0.05608270774230365,-0.061084076015176576,0,5,absolute_atm_iv_change
120,diagnostic_2,latent_dynamics,curvature_30s,-0.04182622456041054,-0.05608270774230365,-0.061084076015176576,0,5,absolute_atm_iv_change
300,diagnostic_2,latent_dynamics,curvature_30s,-0.04182622456041054,-0.05608270774230365,-0.061084076015176576,0,5,absolute_atm_iv_change
60,diagnostic_2,latent_dynamics,curvature_30s,0.001437116377600435,-0.0005387344907885123,-0.005594228887749321,2,5,absolute_atm_straddle_change
120,diagnostic_2,latent_dynamics,curvature_30s,0.001437116377600435,-0.0005387344907885123,-0.005594228887749321,2,5,absolute_atm_straddle_change
300,diagnostic_2,latent_dynamics,curvature_30s,0.001437116377600435,-0.0005387344907885123,-0.005594228887749321,2,5,absolute_atm_straddle_change
60,diagnostic_2,latent_dynamics,curvature_30s,-0.003476935314226977,-0.0076740487052081585,-0.013716733638289397,0,5,absolute_futures_return
120,diagnostic_2,latent_dynamics,curvature_30s,-0.003476935314226977,-0.0076740487052081585,-0.013716733638289397,0,5,absolute_futures_return
300,diagnostic_2,latent_dynamics,curvature_30s,-0.003476935314226977,-0.0076740487052081585,-0.013716733638289397,0,5,absolute_futures_return
60,diagnostic_2,latent_dynamics,curvature_30s,-0.03404594760847013,-0.04195984531144906,-0.050633815261806166,0,5,near_atm_spread_change
120,diagnostic_2,latent_dynamics,curvature_30s,-0.03404594760847013,-0.04195984531144906,-0.050633815261806166,0,5,near_atm_spread_change
300,diagnostic_2,latent_dynamics,curvature_30s,-0.03404594760847013,-0.04195984531144906,-0.050633815261806166,0,5,near_atm_spread_change
60,diagnostic_2,latent_dynamics,curvature_30s,-0.0003197279323897203,-0.0037575272551765015,-0.01572658158059291,0,5,parity_restoration
120,diagnostic_2,latent_dynamics,curvature_30s,-0.0003197279323897203,-0.0037575272551765015,-0.01572658158059291,0,5,parity_restoration
300,diagnostic_2,latent_dynamics,curvature_30s,-0.0003197279323897203,-0.0037575272551765015,-0.01572658158059291,0,5,parity_restoration
60,diagnostic_2,latent_dynamics,curvature_30s,-0.007285422161106038,-0.014421662251473986,-0.01727039069705877,0,5,realized_futures_volatility
120,diagnostic_2,latent_dynamics,curvature_30s,-0.007285422161106038,-0.014421662251473986,-0.01727039069705877,0,5,realized_futures_volatility
300,diagnostic_2,latent_dynamics,curvature_30s,-0.007285422161106038,-0.014421662251473986,-0.01727039069705877,0,5,realized_futures_volatility
60,diagnostic_2,latent_dynamics,curvature_30s,-0.05957166522579229,-0.06897085381722326,-0.07496632174274662,0,5,surface_displacement
120,diagnostic_2,latent_dynamics,curvature_30s,-0.05957166522579229,-0.06897085381722326,-0.07496632174274662,0,5,surface_displacement
300,diagnostic_2,latent_dynamics,curvature_30s,-0.05957166522579229,-0.06897085381722326,-0.07496632174274662,0,5,surface_displacement
60,diagnostic_2,latent_dynamics,curvature_5s,-0.04805006215966713,-0.05394363391688057,-0.060245929573971124,0,5,absolute_atm_iv_change
120,diagnostic_2,latent_dynamics,curvature_5s,-0.04805006215966713,-0.05394363391688057,-0.060245929573971124,0,5,absolute_atm_iv_change
300,diagnostic_2,latent_dynamics,curvature_5s,-0.04805006215966713,-0.05394363391688057,-0.060245929573971124,0,5,absolute_atm_iv_change
60,diagnostic_2,latent_dynamics,curvature_5s,-0.007671685871215196,-0.011095860666152898,-0.017312871702075898,0,5,absolute_atm_straddle_change
120,diagnostic_2,latent_dynamics,curvature_5s,-0.007671685871215196,-0.011095860666152898,-0.017312871702075898,0,5,absolute_atm_straddle_change
300,diagnostic_2,latent_dynamics,curvature_5s,-0.007671685871215196,-0.011095860666152898,-0.017312871702075898,0,5,absolute_atm_straddle_change
60,diagnostic_2,latent_dynamics,curvature_5s,0.00038067174293073203,-0.0034850481020877967,-0.005036267677904942,1,5,absolute_futures_return
120,diagnostic_2,latent_dynamics,curvature_5s,0.00038067174293073203,-0.0034850481020877967,-0.005036267677904942,1,5,absolute_futures_return
300,diagnostic_2,latent_dynamics,curvature_5s,0.00038067174293073203,-0.0034850481020877967,-0.005036267677904942,1,5,absolute_futures_return
60,diagnostic_2,latent_dynamics,curvature_5s,-0.0306020285246588,-0.032566947652065484,-0.03465989285649558,0,5,near_atm_spread_change
120,diagnostic_2,latent_dynamics,curvature_5s,-0.0306020285246588,-0.032566947652065484,-0.03465989285649558,0,5,near_atm_spread_change
300,diagnostic_2,latent_dynamics,curvature_5s,-0.0306020285246588,-0.032566947652065484,-0.03465989285649558,0,5,near_atm_spread_change
60,diagnostic_2,latent_dynamics,curvature_5s,0.008298994133774098,-0.00287907748713334,-0.007750093563280316,2,5,parity_restoration
120,diagnostic_2,latent_dynamics,curvature_5s,0.008298994133774098,-0.00287907748713334,-0.007750093563280316,2,5,parity_restoration
300,diagnostic_2,latent_dynamics,curvature_5s,0.008298994133774098,-0.00287907748713334,-0.007750093563280316,2,5,parity_restoration
60,diagnostic_2,latent_dynamics,curvature_5s,0.008180333919984312,0.0064510287479727455,0.0037666932490303673,5,5,realized_futures_volatility
120,diagnostic_2,latent_dynamics,curvature_5s,0.008180333919984312,0.0064510287479727455,0.0037666932490303673,5,5,realized_futures_volatility
300,diagnostic_2,latent_dynamics,curvature_5s,0.008180333919984312,0.0064510287479727455,0.0037666932490303673,5,5,realized_futures_volatility
60,diagnostic_2,latent_dynamics,curvature_5s,-0.04497236128624483,-0.05018524758881845,-0.06228849388790637,0,5,surface_displacement
120,diagnostic_2,latent_dynamics,curvature_5s,-0.04497236128624483,-0.05018524758881845,-0.06228849388790637,0,5,surface_displacement
300,diagnostic_2,latent_dynamics,curvature_5s,-0.04497236128624483,-0.05018524758881845,-0.06228849388790637,0,5,surface_displacement
60,diagnostic_2,latent_dynamics,curvature_60s,-0.055601833365686325,-0.06414727021349743,-0.07690993451797509,0,5,absolute_atm_iv_change
120,diagnostic_2,latent_dynamics,curvature_60s,-0.055601833365686325,-0.06414727021349743,-0.07690993451797509,0,5,absolute_atm_iv_change
300,diagnostic_2,latent_dynamics,curvature_60s,-0.055601833365686325,-0.06414727021349743,-0.07690993451797509,0,5,absolute_atm_iv_change
60,diagnostic_2,latent_dynamics,curvature_60s,-0.01985327177386159,-0.025365575322897776,-0.028692478237374933,0,5,absolute_atm_straddle_change
120,diagnostic_2,latent_dynamics,curvature_60s,-0.01985327177386159,-0.025365575322897776,-0.028692478237374933,0,5,absolute_atm_straddle_change
300,diagnostic_2,latent_dynamics,curvature_60s,-0.01985327177386159,-0.025365575322897776,-0.028692478237374933,0,5,absolute_atm_straddle_change
60,diagnostic_2,latent_dynamics,curvature_60s,-0.004509754318776275,-0.00739138136808406,-0.010513462136333158,0,5,absolute_futures_return
120,diagnostic_2,latent_dynamics,curvature_60s,-0.004509754318776275,-0.00739138136808406,-0.010513462136333158,0,5,absolute_futures_return
300,diagnostic_2,latent_dynamics,curvature_60s,-0.004509754318776275,-0.00739138136808406,-0.010513462136333158,0,5,absolute_futures_return
60,diagnostic_2,latent_dynamics,curvature_60s,-0.010413784891321071,-0.01608985285059949,-0.023956874865539064,0,5,near_atm_spread_change
120,diagnostic_2,latent_dynamics,curvature_60s,-0.010413784891321071,-0.01608985285059949,-0.023956874865539064,0,5,near_atm_spread_change
300,diagnostic_2,latent_dynamics,curvature_60s,-0.010413784891321071,-0.01608985285059949,-0.023956874865539064,0,5,near_atm_spread_change
60,diagnostic_2,latent_dynamics,curvature_60s,-0.010904873089788294,-0.014264720378748106,-0.02554594587394537,0,5,parity_restoration
120,diagnostic_2,latent_dynamics,curvature_60s,-0.010904873089788294,-0.014264720378748106,-0.02554594587394537,0,5,parity_restoration
300,diagnostic_2,latent_dynamics,curvature_60s,-0.010904873089788294,-0.014264720378748106,-0.02554594587394537,0,5,parity_restoration
60,diagnostic_2,latent_dynamics,curvature_60s,-0.005198259454582374,-0.012864057619980883,-0.01817030071347899,0,5,realized_futures_volatility
120,diagnostic_2,latent_dynamics,curvature_60s,-0.005198259454582374,-0.012864057619980883,-0.01817030071347899,0,5,realized_futures_volatility
300,diagnostic_2,latent_dynamics,curvature_60s,-0.005198259454582374,-0.012864057619980883,-0.01817030071347899,0,5,realized_futures_volatility
60,diagnostic_2,latent_dynamics,curvature_60s,-0.061161695860247015,-0.07204201615452241,-0.08045170330470783,0,5,surface_displacement
120,diagnostic_2,latent_dynamics,curvature_60s,-0.061161695860247015,-0.07204201615452241,-0.08045170330470783,0,5,surface_displacement
300,diagnostic_2,latent_dynamics,curvature_60s,-0.061161695860247015,-0.07204201615452241,-0.08045170330470783,0,5,surface_displacement
60,diagnostic_2,latent_dynamics,velocity_30s,0.14053714191216518,0.13926035825137548,0.12425942083005352,5,5,absolute_atm_iv_change
120,diagnostic_2,latent_dynamics,velocity_30s,0.14053714191216518,0.13926035825137548,0.12425942083005352,5,5,absolute_atm_iv_change
300,diagnostic_2,latent_dynamics,velocity_30s,0.14053714191216518,0.13926035825137548,0.12425942083005352,5,5,absolute_atm_iv_change
60,diagnostic_2,latent_dynamics,velocity_30s,0.06681280932804882,0.041925005575766124,0.03705271098896055,5,5,absolute_atm_straddle_change
120,diagnostic_2,latent_dynamics,velocity_30s,0.06681280932804882,0.041925005575766124,0.03705271098896055,5,5,absolute_atm_straddle_change
300,diagnostic_2,latent_dynamics,velocity_30s,0.06681280932804882,0.041925005575766124,0.03705271098896055,5,5,absolute_atm_straddle_change
60,diagnostic_2,latent_dynamics,velocity_30s,0.03639099035530413,0.022601362053962244,0.01602144897339676,5,5,absolute_futures_return
120,diagnostic_2,latent_dynamics,velocity_30s,0.03639099035530413,0.022601362053962244,0.01602144897339676,5,5,absolute_futures_return
300,diagnostic_2,latent_dynamics,velocity_30s,0.03639099035530413,0.022601362053962244,0.01602144897339676,5,5,absolute_futures_return
60,diagnostic_2,latent_dynamics,velocity_30s,0.06852026766479496,0.06059000468574743,0.0566305073267756,5,5,near_atm_spread_change
120,diagnostic_2,latent_dynamics,velocity_30s,0.06852026766479496,0.06059000468574743,0.0566305073267756,5,5,near_atm_spread_change
300,diagnostic_2,latent_dynamics,velocity_30s,0.06852026766479496,0.06059000468574743,0.0566305073267756,5,5,near_atm_spread_change
60,diagnostic_2,latent_dynamics,velocity_30s,0.015183974014919438,0.008448044879338859,0.0028669319751260473,5,5,parity_restoration
120,diagnostic_2,latent_dynamics,velocity_30s,0.015183974014919438,0.008448044879338859,0.0028669319751260473,5,5,parity_restoration
300,diagnostic_2,latent_dynamics,velocity_30s,0.015183974014919438,0.008448044879338859,0.0028669319751260473,5,5,parity_restoration
60,diagnostic_2,latent_dynamics,velocity_30s,0.0039856468575321215,0.0024111493953172685,-0.009460435463919373,3,5,realized_futures_volatility
120,diagnostic_2,latent_dynamics,velocity_30s,0.0039856468575321215,0.0024111493953172685,-0.009460435463919373,3,5,realized_futures_volatility
300,diagnostic_2,latent_dynamics,velocity_30s,0.0039856468575321215,0.0024111493953172685,-0.009460435463919373,3,5,realized_futures_volatility
60,diagnostic_2,latent_dynamics,velocity_30s,0.18107718523121707,0.17255991930504863,0.16220496759322967,5,5,surface_displacement
120,diagnostic_2,latent_dynamics,velocity_30s,0.18107718523121707,0.17255991930504863,0.16220496759322967,5,5,surface_displacement
300,diagnostic_2,latent_dynamics,velocity_30s,0.18107718523121707,0.17255991930504863,0.16220496759322967,5,5,surface_displacement
60,diagnostic_2,latent_dynamics,velocity_5s,0.16244217599710598,0.15879468275013872,0.1509102130692746,5,5,absolute_atm_iv_change
120,diagnostic_2,latent_dynamics,velocity_5s,0.16244217599710598,0.15879468275013872,0.1509102130692746,5,5,absolute_atm_iv_change
300,diagnostic_2,latent_dynamics,velocity_5s,0.16244217599710598,0.15879468275013872,0.1509102130692746,5,5,absolute_atm_iv_change
60,diagnostic_2,latent_dynamics,velocity_5s,0.029584995247213898,0.01674054465307865,0.009639533831004682,5,5,absolute_atm_straddle_change
120,diagnostic_2,latent_dynamics,velocity_5s,0.029584995247213898,0.01674054465307865,0.009639533831004682,5,5,absolute_atm_straddle_change
300,diagnostic_2,latent_dynamics,velocity_5s,0.029584995247213898,0.01674054465307865,0.009639533831004682,5,5,absolute_atm_straddle_change
60,diagnostic_2,latent_dynamics,velocity_5s,0.016309052308067243,0.006199071093930602,-0.0005726756817345801,4,5,absolute_futures_return
120,diagnostic_2,latent_dynamics,velocity_5s,0.016309052308067243,0.006199071093930602,-0.0005726756817345801,4,5,absolute_futures_return
300,diagnostic_2,latent_dynamics,velocity_5s,0.016309052308067243,0.006199071093930602,-0.0005726756817345801,4,5,absolute_futures_return
60,diagnostic_2,latent_dynamics,velocity_5s,0.05327657024843268,0.04486080104819842,0.03013894957049874,5,5,near_atm_spread_change
120,diagnostic_2,latent_dynamics,velocity_5s,0.05327657024843268,0.04486080104819842,0.03013894957049874,5,5,near_atm_spread_change
300,diagnostic_2,latent_dynamics,velocity_5s,0.05327657024843268,0.04486080104819842,0.03013894957049874,5,5,near_atm_spread_change
60,diagnostic_2,latent_dynamics,velocity_5s,0.022465256605109136,0.012482682121471213,0.008146759809913076,5,5,parity_restoration
120,diagnostic_2,latent_dynamics,velocity_5s,0.022465256605109136,0.012482682121471213,0.008146759809913076,5,5,parity_restoration
300,diagnostic_2,latent_dynamics,velocity_5s,0.022465256605109136,0.012482682121471213,0.008146759809913076,5,5,parity_restoration
60,diagnostic_2,latent_dynamics,velocity_5s,0.008140538688471982,0.005618610620437413,-0.0027546099849921402,4,5,realized_futures_volatility
120,diagnostic_2,latent_dynamics,velocity_5s,0.008140538688471982,0.005618610620437413,-0.0027546099849921402,4,5,realized_futures_volatility
300,diagnostic_2,latent_dynamics,velocity_5s,0.008140538688471982,0.005618610620437413,-0.0027546099849921402,4,5,realized_futures_volatility
60,diagnostic_2,latent_dynamics,velocity_5s,0.19632632227181446,0.1914829880754116,0.18583653201456468,5,5,surface_displacement
120,diagnostic_2,latent_dynamics,velocity_5s,0.19632632227181446,0.1914829880754116,0.18583653201456468,5,5,surface_displacement
300,diagnostic_2,latent_dynamics,velocity_5s,0.19632632227181446,0.1914829880754116,0.18583653201456468,5,5,surface_displacement
60,diagnostic_2,latent_dynamics,velocity_60s,0.14690225321378625,0.14301093456405595,0.13653704435103287,5,5,absolute_atm_iv_change
120,diagnostic_2,latent_dynamics,velocity_60s,0.14690225321378625,0.14301093456405595,0.13653704435103287,5,5,absolute_atm_iv_change
300,diagnostic_2,latent_dynamics,velocity_60s,0.14690225321378625,0.14301093456405595,0.13653704435103287,5,5,absolute_atm_iv_change
60,diagnostic_2,latent_dynamics,velocity_60s,0.045748529855953256,0.033645992484078714,0.02864330264073805,5,5,absolute_atm_straddle_change
120,diagnostic_2,latent_dynamics,velocity_60s,0.045748529855953256,0.033645992484078714,0.02864330264073805,5,5,absolute_atm_straddle_change
300,diagnostic_2,latent_dynamics,velocity_60s,0.045748529855953256,0.033645992484078714,0.02864330264073805,5,5,absolute_atm_straddle_change
60,diagnostic_2,latent_dynamics,velocity_60s,0.03967284490676699,0.023926811330020493,0.022387961838276245,5,5,absolute_futures_return
120,diagnostic_2,latent_dynamics,velocity_60s,0.03967284490676699,0.023926811330020493,0.022387961838276245,5,5,absolute_futures_return
300,diagnostic_2,latent_dynamics,velocity_60s,0.03967284490676699,0.023926811330020493,0.022387961838276245,5,5,absolute_futures_return
60,diagnostic_2,latent_dynamics,velocity_60s,0.09006778295472924,0.08239283716464271,0.0728405014269985,5,5,near_atm_spread_change
120,diagnostic_2,latent_dynamics,velocity_60s,0.09006778295472924,0.08239283716464271,0.0728405014269985,5,5,near_atm_spread_change
300,diagnostic_2,latent_dynamics,velocity_60s,0.09006778295472924,0.08239283716464271,0.0728405014269985,5,5,near_atm_spread_change
60,diagnostic_2,latent_dynamics,velocity_60s,0.02568977898254605,0.019539703475068487,0.012912569164420717,5,5,parity_restoration
120,diagnostic_2,latent_dynamics,velocity_60s,0.02568977898254605,0.019539703475068487,0.012912569164420717,5,5,parity_restoration
300,diagnostic_2,latent_dynamics,velocity_60s,0.02568977898254605,0.019539703475068487,0.012912569164420717,5,5,parity_restoration
60,diagnostic_2,latent_dynamics,velocity_60s,0.02174737109183269,0.014365124565562085,0.004082627483019024,5,5,realized_futures_volatility
120,diagnostic_2,latent_dynamics,velocity_60s,0.02174737109183269,0.014365124565562085,0.004082627483019024,5,5,realized_futures_volatility
300,diagnostic_2,latent_dynamics,velocity_60s,0.02174737109183269,0.014365124565562085,0.004082627483019024,5,5,realized_futures_volatility
60,diagnostic_2,latent_dynamics,velocity_60s,0.19856071843408418,0.18543153656482095,0.17790268969136006,5,5,surface_displacement
120,diagnostic_2,latent_dynamics,velocity_60s,0.19856071843408418,0.18543153656482095,0.17790268969136006,5,5,surface_displacement
300,diagnostic_2,latent_dynamics,velocity_60s,0.19856071843408418,0.18543153656482095,0.17790268969136006,5,5,surface_displacement
60,diagnostic_1,cross_market,futures_to_options_disequilibrium,0.013029048893463709,0.0011532375811696583,-0.003169816212608869,3,5,absolute_atm_straddle_change
120,diagnostic_1,cross_market,futures_to_options_disequilibrium,0.013029048893463709,0.0011532375811696583,-0.003169816212608869,3,5,absolute_atm_straddle_change
300,diagnostic_1,cross_market,futures_to_options_disequilibrium,0.013029048893463709,0.0011532375811696583,-0.003169816212608869,3,5,absolute_atm_straddle_change
60,diagnostic_1,cross_market,futures_to_options_disequilibrium,-0.006116221322109163,-0.009452387817034884,-0.028494388558559767,0,5,near_atm_spread_change
120,diagnostic_1,cross_market,futures_to_options_disequilibrium,-0.006116221322109163,-0.009452387817034884,-0.028494388558559767,0,5,near_atm_spread_change
300,diagnostic_1,cross_market,futures_to_options_disequilibrium,-0.006116221322109163,-0.009452387817034884,-0.028494388558559767,0,5,near_atm_spread_change
60,diagnostic_1,cross_market,futures_to_options_disequilibrium,0.06772884101855224,0.05882169499887189,0.05198231855653468,5,5,parity_restoration
120,diagnostic_1,cross_market,futures_to_options_disequilibrium,0.06772884101855224,0.05882169499887189,0.05198231855653468,5,5,parity_restoration
300,diagnostic_1,cross_market,futures_to_options_disequilibrium,0.06772884101855224,0.05882169499887189,0.05198231855653468,5,5,parity_restoration
60,diagnostic_1,cross_market,futures_to_options_disequilibrium,-0.013208141875534153,-0.02727732541859625,-0.05293110863797059,0,5,realized_futures_volatility
120,diagnostic_1,cross_market,futures_to_options_disequilibrium,-0.013208141875534153,-0.02727732541859625,-0.05293110863797059,0,5,realized_futures_volatility
300,diagnostic_1,cross_market,futures_to_options_disequilibrium,-0.013208141875534153,-0.02727732541859625,-0.05293110863797059,0,5,realized_futures_volatility
60,diagnostic_1,cross_market,futures_to_options_disequilibrium,-0.04602952830604968,-0.054417315731930135,-0.06747051252987958,0,5,signed_atm_iv_change
120,diagnostic_1,cross_market,futures_to_options_disequilibrium,-0.04602952830604968,-0.054417315731930135,-0.06747051252987958,0,5,signed_atm_iv_change
300,diagnostic_1,cross_market,futures_to_options_disequilibrium,-0.04602952830604968,-0.054417315731930135,-0.06747051252987958,0,5,signed_atm_iv_change
60,diagnostic_1,cross_market,futures_to_options_disequilibrium,-0.055056347314626726,-0.07738556673779938,-0.0887012218992582,0,5,signed_futures_return
120,diagnostic_1,cross_market,futures_to_options_disequilibrium,-0.055056347314626726,-0.07738556673779938,-0.0887012218992582,0,5,signed_futures_return
300,diagnostic_1,cross_market,futures_to_options_disequilibrium,-0.055056347314626726,-0.07738556673779938,-0.0887012218992582,0,5,signed_futures_return
60,diagnostic_1,cross_market,futures_to_options_disequilibrium,0.09484029779930557,0.08446479259187095,0.0772784471963801,5,5,surface_displacement
120,diagnostic_1,cross_market,futures_to_options_disequilibrium,0.09484029779930557,0.08446479259187095,0.0772784471963801,5,5,surface_displacement
300,diagnostic_1,cross_market,futures_to_options_disequilibrium,0.09484029779930557,0.08446479259187095,0.0772784471963801,5,5,surface_displacement
60,diagnostic_2,cross_market,futures_to_options_disequilibrium,0.0704765032406548,0.053195074430888445,0.04076404550971046,5,5,absolute_atm_straddle_change
120,diagnostic_2,cross_market,futures_to_options_disequilibrium,0.0704765032406548,0.053195074430888445,0.04076404550971046,5,5,absolute_atm_straddle_change
300,diagnostic_2,cross_market,futures_to_options_disequilibrium,0.0704765032406548,0.053195074430888445,0.04076404550971046,5,5,absolute_atm_straddle_change
60,diagnostic_2,cross_market,futures_to_options_disequilibrium,0.010790189851535284,0.0001689710942856034,-0.018877171431044087,3,5,near_atm_spread_change
120,diagnostic_2,cross_market,futures_to_options_disequilibrium,0.010790189851535284,0.0001689710942856034,-0.018877171431044087,3,5,near_atm_spread_change
300,diagnostic_2,cross_market,futures_to_options_disequilibrium,0.010790189851535284,0.0001689710942856034,-0.018877171431044087,3,5,near_atm_spread_change
60,diagnostic_2,cross_market,futures_to_options_disequilibrium,0.0916484540204945,0.07861671667293965,0.07366607610284087,5,5,parity_restoration
120,diagnostic_2,cross_market,futures_to_options_disequilibrium,0.0916484540204945,0.07861671667293965,0.07366607610284087,5,5,parity_restoration
300,diagnostic_2,cross_market,futures_to_options_disequilibrium,0.0916484540204945,0.07861671667293965,0.07366607610284087,5,5,parity_restoration
60,diagnostic_2,cross_market,futures_to_options_disequilibrium,0.05235678573045182,0.03814245785876165,0.002464234777864678,5,5,realized_futures_volatility
120,diagnostic_2,cross_market,futures_to_options_disequilibrium,0.05235678573045182,0.03814245785876165,0.002464234777864678,5,5,realized_futures_volatility
300,diagnostic_2,cross_market,futures_to_options_disequilibrium,0.05235678573045182,0.03814245785876165,0.002464234777864678,5,5,realized_futures_volatility
60,diagnostic_2,cross_market,futures_to_options_disequilibrium,0.02562677057187516,0.011765571833694897,-0.016957001997210352,4,5,signed_atm_iv_change
120,diagnostic_2,cross_market,futures_to_options_disequilibrium,0.02562677057187516,0.011765571833694897,-0.016957001997210352,4,5,signed_atm_iv_change
300,diagnostic_2,cross_market,futures_to_options_disequilibrium,0.02562677057187516,0.011765571833694897,-0.016957001997210352,4,5,signed_atm_iv_change
60,diagnostic_2,cross_market,futures_to_options_disequilibrium,0.001593388225104256,-0.01491443265544018,-0.048013102419724105,1,5,signed_futures_return
120,diagnostic_2,cross_market,futures_to_options_disequilibrium,0.001593388225104256,-0.01491443265544018,-0.048013102419724105,1,5,signed_futures_return
300,diagnostic_2,cross_market,futures_to_options_disequilibrium,0.001593388225104256,-0.01491443265544018,-0.048013102419724105,1,5,signed_futures_return
60,diagnostic_2,cross_market,futures_to_options_disequilibrium,0.059149094669352004,0.04243037274092122,0.03665155449626272,5,5,surface_displacement
120,diagnostic_2,cross_market,futures_to_options_disequilibrium,0.059149094669352004,0.04243037274092122,0.03665155449626272,5,5,surface_displacement
300,diagnostic_2,cross_market,futures_to_options_disequilibrium,0.059149094669352004,0.04243037274092122,0.03665155449626272,5,5,surface_displacement
60,diagnostic_1,near_far,near_to_far_disequilibrium,0.11930446895129453,0.05646241187737585,-0.04237704213629286,3,5,atm_iv_convergence
120,diagnostic_1,near_far,near_to_far_disequilibrium,0.11930446895129453,0.05646241187737585,-0.04237704213629286,3,5,atm_iv_convergence
300,diagnostic_1,near_far,near_to_far_disequilibrium,0.11930446895129453,0.05646241187737585,-0.04237704213629286,3,5,atm_iv_convergence
60,diagnostic_1,near_far,near_to_far_disequilibrium,0.03213713031388991,0.013918821503178436,-0.011009916277319193,3,5,far_atm_iv_change
120,diagnostic_1,near_far,near_to_far_disequilibrium,0.03213713031388991,0.013918821503178436,-0.011009916277319193,3,5,far_atm_iv_change
300,diagnostic_1,near_far,near_to_far_disequilibrium,0.03213713031388991,0.013918821503178436,-0.011009916277319193,3,5,far_atm_iv_change
60,diagnostic_1,near_far,near_to_far_disequilibrium,0.22836097431135072,0.11238203038716779,-0.05434352887326289,3,5,near_atm_iv_change
120,diagnostic_1,near_far,near_to_far_disequilibrium,0.22836097431135072,0.11238203038716779,-0.05434352887326289,3,5,near_atm_iv_change
300,diagnostic_1,near_far,near_to_far_disequilibrium,0.22836097431135072,0.11238203038716779,-0.05434352887326289,3,5,near_atm_iv_change
60,diagnostic_1,near_far,near_to_far_disequilibrium,0.04733780749813573,0.03900030343017217,0.02389873248825624,5,5,realized_futures_volatility
120,diagnostic_1,near_far,near_to_far_disequilibrium,0.04733780749813573,0.03900030343017217,0.02389873248825624,5,5,realized_futures_volatility
300,diagnostic_1,near_far,near_to_far_disequilibrium,0.04733780749813573,0.03900030343017217,0.02389873248825624,5,5,realized_futures_volatility
60,diagnostic_1,near_far,near_to_far_disequilibrium,0.036058042512777715,-0.005044141587533201,-0.04001338806325529,2,5,surface_residual_restoration
120,diagnostic_1,near_far,near_to_far_disequilibrium,0.036058042512777715,-0.005044141587533201,-0.04001338806325529,2,5,surface_residual_restoration
300,diagnostic_1,near_far,near_to_far_disequilibrium,0.036058042512777715,-0.005044141587533201,-0.04001338806325529,2,5,surface_residual_restoration
60,diagnostic_1,near_far,near_to_far_disequilibrium,0.0535147806469941,-0.1133105205649636,-0.2293023516481157,2,5,term_structure_iv_change
120,diagnostic_1,near_far,near_to_far_disequilibrium,0.0535147806469941,-0.1133105205649636,-0.2293023516481157,2,5,term_structure_iv_change
300,diagnostic_1,near_far,near_to_far_disequilibrium,0.0535147806469941,-0.1133105205649636,-0.2293023516481157,2,5,term_structure_iv_change
60,diagnostic_2,near_far,near_to_far_disequilibrium,0.24431629004419114,0.05115907072125268,-0.05490026158607612,3,5,atm_iv_convergence
120,diagnostic_2,near_far,near_to_far_disequilibrium,0.24431629004419114,0.05115907072125268,-0.05490026158607612,3,5,atm_iv_convergence
300,diagnostic_2,near_far,near_to_far_disequilibrium,0.24431629004419114,0.05115907072125268,-0.05490026158607612,3,5,atm_iv_convergence
60,diagnostic_2,near_far,near_to_far_disequilibrium,0.023241883713368244,0.015181312301342429,0.0066789032400859085,5,5,far_atm_iv_change
120,diagnostic_2,near_far,near_to_far_disequilibrium,0.023241883713368244,0.015181312301342429,0.0066789032400859085,5,5,far_atm_iv_change
300,diagnostic_2,near_far,near_to_far_disequilibrium,0.023241883713368244,0.015181312301342429,0.0066789032400859085,5,5,far_atm_iv_change
60,diagnostic_2,near_far,near_to_far_disequilibrium,0.37871771925846903,0.1993204022905924,-0.06469278640994369,4,5,near_atm_iv_change
120,diagnostic_2,near_far,near_to_far_disequilibrium,0.37871771925846903,0.1993204022905924,-0.06469278640994369,4,5,near_atm_iv_change
300,diagnostic_2,near_far,near_to_far_disequilibrium,0.37871771925846903,0.1993204022905924,-0.06469278640994369,4,5,near_atm_iv_change
60,diagnostic_2,near_far,near_to_far_disequilibrium,0.11339878589239892,0.08662346552401082,0.06752513147986407,5,5,realized_futures_volatility
120,diagnostic_2,near_far,near_to_far_disequilibrium,0.11339878589239892,0.08662346552401082,0.06752513147986407,5,5,realized_futures_volatility
300,diagnostic_2,near_far,near_to_far_disequilibrium,0.11339878589239892,0.08662346552401082,0.06752513147986407,5,5,realized_futures_volatility
60,diagnostic_2,near_far,near_to_far_disequilibrium,0.1685268374449495,0.028093194848105817,-0.03323168184928504,4,5,surface_residual_restoration
120,diagnostic_2,near_far,near_to_far_disequilibrium,0.1685268374449495,0.028093194848105817,-0.03323168184928504,4,5,surface_residual_restoration
300,diagnostic_2,near_far,near_to_far_disequilibrium,0.1685268374449495,0.028093194848105817,-0.03323168184928504,4,5,surface_residual_restoration
60,diagnostic_2,near_far,near_to_far_disequilibrium,0.06483748172947429,-0.19911945060000352,-0.37787486390416325,1,5,term_structure_iv_change
120,diagnostic_2,near_far,near_to_far_disequilibrium,0.06483748172947429,-0.19911945060000352,-0.37787486390416325,1,5,term_structure_iv_change
300,diagnostic_2,near_far,near_to_far_disequilibrium,0.06483748172947429,-0.19911945060000352,-0.37787486390416325,1,5,term_structure_iv_change
60,diagnostic_1,call_put,call_to_put_disequilibrium,0.03143990766500969,0.011610171064494265,-0.04120743438629585,3,5,call_put_relative_correction
120,diagnostic_1,call_put,call_to_put_disequilibrium,0.03143990766500969,0.011610171064494265,-0.04120743438629585,3,5,call_put_relative_correction
300,diagnostic_1,call_put,call_to_put_disequilibrium,0.03143990766500969,0.011610171064494265,-0.04120743438629585,3,5,call_put_relative_correction
60,diagnostic_1,call_put,call_to_put_disequilibrium,0.000144937521609703,-0.010348529514514261,-0.017687692999270456,1,5,call_relative_move
120,diagnostic_1,call_put,call_to_put_disequilibrium,0.000144937521609703,-0.010348529514514261,-0.017687692999270456,1,5,call_relative_move
300,diagnostic_1,call_put,call_to_put_disequilibrium,0.000144937521609703,-0.010348529514514261,-0.017687692999270456,1,5,call_relative_move
60,diagnostic_1,call_put,call_to_put_disequilibrium,0.014546410208466238,-0.03865356503576828,-0.05601467614850119,1,5,parity_restoration
120,diagnostic_1,call_put,call_to_put_disequilibrium,0.014546410208466238,-0.03865356503576828,-0.05601467614850119,1,5,parity_restoration
300,diagnostic_1,call_put,call_to_put_disequilibrium,0.014546410208466238,-0.03865356503576828,-0.05601467614850119,1,5,parity_restoration
60,diagnostic_1,call_put,call_to_put_disequilibrium,0.019365796972580326,0.01225921377509044,0.003459289079116271,5,5,put_relative_move
120,diagnostic_1,call_put,call_to_put_disequilibrium,0.019365796972580326,0.01225921377509044,0.003459289079116271,5,5,put_relative_move
300,diagnostic_1,call_put,call_to_put_disequilibrium,0.019365796972580326,0.01225921377509044,0.003459289079116271,5,5,put_relative_move
60,diagnostic_1,call_put,call_to_put_disequilibrium,0.0129814618188209,-0.015905749812551547,-0.03549679858554345,2,5,signed_atm_iv_change
120,diagnostic_1,call_put,call_to_put_disequilibrium,0.0129814618188209,-0.015905749812551547,-0.03549679858554345,2,5,signed_atm_iv_change
300,diagnostic_1,call_put,call_to_put_disequilibrium,0.0129814618188209,-0.015905749812551547,-0.03549679858554345,2,5,signed_atm_iv_change
60,diagnostic_1,call_put,call_to_put_disequilibrium,0.08114863645729473,0.06033234242346193,-0.01533756071523884,4,5,signed_futures_return
120,diagnostic_1,call_put,call_to_put_disequilibrium,0.08114863645729473,0.06033234242346193,-0.01533756071523884,4,5,signed_futures_return
300,diagnostic_1,call_put,call_to_put_disequilibrium,0.08114863645729473,0.06033234242346193,-0.01533756071523884,4,5,signed_futures_return
60,diagnostic_1,call_put,call_to_put_disequilibrium,-0.01221757971255761,-0.019331638975316093,-0.04118144045802592,0,5,surface_residual_restoration
120,diagnostic_1,call_put,call_to_put_disequilibrium,-0.01221757971255761,-0.019331638975316093,-0.04118144045802592,0,5,surface_residual_restoration
300,diagnostic_1,call_put,call_to_put_disequilibrium,-0.01221757971255761,-0.019331638975316093,-0.04118144045802592,0,5,surface_residual_restoration
60,diagnostic_2,call_put,call_to_put_disequilibrium,0.012599590047942172,-0.01762012083709482,-0.04370298278064993,1,5,call_put_relative_correction
120,diagnostic_2,call_put,call_to_put_disequilibrium,0.012599590047942172,-0.01762012083709482,-0.04370298278064993,1,5,call_put_relative_correction
300,diagnostic_2,call_put,call_to_put_disequilibrium,0.012599590047942172,-0.01762012083709482,-0.04370298278064993,1,5,call_put_relative_correction
60,diagnostic_2,call_put,call_to_put_disequilibrium,-0.006401439185095495,-0.01837716362944167,-0.09298961896254075,0,5,call_relative_move
120,diagnostic_2,call_put,call_to_put_disequilibrium,-0.006401439185095495,-0.01837716362944167,-0.09298961896254075,0,5,call_relative_move
300,diagnostic_2,call_put,call_to_put_disequilibrium,-0.006401439185095495,-0.01837716362944167,-0.09298961896254075,0,5,call_relative_move
60,diagnostic_2,call_put,call_to_put_disequilibrium,-0.023548096873836067,-0.045067488583729796,-0.09207654069318368,0,5,parity_restoration
120,diagnostic_2,call_put,call_to_put_disequilibrium,-0.023548096873836067,-0.045067488583729796,-0.09207654069318368,0,5,parity_restoration
300,diagnostic_2,call_put,call_to_put_disequilibrium,-0.023548096873836067,-0.045067488583729796,-0.09207654069318368,0,5,parity_restoration
60,diagnostic_2,call_put,call_to_put_disequilibrium,0.09950224387583836,0.02275636215857881,0.0025885264388801656,5,5,put_relative_move
120,diagnostic_2,call_put,call_to_put_disequilibrium,0.09950224387583836,0.02275636215857881,0.0025885264388801656,5,5,put_relative_move
300,diagnostic_2,call_put,call_to_put_disequilibrium,0.09950224387583836,0.02275636215857881,0.0025885264388801656,5,5,put_relative_move
60,diagnostic_2,call_put,call_to_put_disequilibrium,0.03839298754106614,0.0020902959336580704,-0.013031276657974789,3,5,signed_atm_iv_change
120,diagnostic_2,call_put,call_to_put_disequilibrium,0.03839298754106614,0.0020902959336580704,-0.013031276657974789,3,5,signed_atm_iv_change
300,diagnostic_2,call_put,call_to_put_disequilibrium,0.03839298754106614,0.0020902959336580704,-0.013031276657974789,3,5,signed_atm_iv_change
60,diagnostic_2,call_put,call_to_put_disequilibrium,0.08672043607585057,0.02012539298300551,0.0024147370996281015,5,5,signed_futures_return
120,diagnostic_2,call_put,call_to_put_disequilibrium,0.08672043607585057,0.02012539298300551,0.0024147370996281015,5,5,signed_futures_return
300,diagnostic_2,call_put,call_to_put_disequilibrium,0.08672043607585057,0.02012539298300551,0.0024147370996281015,5,5,signed_futures_return
60,diagnostic_2,call_put,call_to_put_disequilibrium,-0.005429793809618504,-0.010202085794058333,-0.026338316599791523,0,5,surface_residual_restoration
120,diagnostic_2,call_put,call_to_put_disequilibrium,-0.005429793809618504,-0.010202085794058333,-0.026338316599791523,0,5,surface_residual_restoration
300,diagnostic_2,call_put,call_to_put_disequilibrium,-0.005429793809618504,-0.010202085794058333,-0.026338316599791523,0,5,surface_residual_restoration
