diagnostic,mean_absolute_atm_iv_change,mean_absolute_atm_straddle_change,mean_absolute_futures_return,mean_near_atm_spread_change,mean_parity_restoration,mean_realized_futures_volatility,mean_surface_displacement,samples,seed,share,state,thresholds
diagnostic_1,0.004556439999542191,4.643422439560802e-05,8.820090832570606e-05,-4.641986389068839e-06,1.0158999591046882e-06,0.00011728090828966169,0.04453069088133148,1673,1,0.7143467122117848,cross_market_dislocation,"{""velocity"":{""low"":2.079847575868489,""median"":7.095046581072687,""high"":8.430729596050982},""surprise"":{""low"":5.345952349771543,""median"":5.753164182342439,""high"":6.66871554040501},""uncertainty"":{""low"":4.134304814163872,""median"":4.23486818560675,""high"":4.6786888751240285},""disequilibrium"":{""low"":7.0185565807311265,""median"":7.75971383393021,""high"":8.302542155301461}}"
diagnostic_1,0.0042126466830571495,4.661787075526787e-05,8.064038825757576e-05,-9.827396504326977e-06,-1.3048304247080742e-06,0.00010713112789065716,0.03985480133172372,495,1,0.21135781383432964,hidden_disturbance,"{""velocity"":{""low"":2.079847575868489,""median"":7.095046581072687,""high"":8.430729596050982},""surprise"":{""low"":5.345952349771543,""median"":5.753164182342439,""high"":6.66871554040501},""uncertainty"":{""low"":4.134304814163872,""median"":4.23486818560675,""high"":4.6786888751240285},""disequilibrium"":{""low"":7.0185565807311265,""median"":7.75971383393021,""high"":8.302542155301461}}"
diagnostic_1,0.005458164703229378,4.367802249289107e-05,8.727764261179957e-05,4.844548608559109e-05,-1.1899245451452029e-06,0.00010254223858737067,0.047606827200649585,174,1,0.07429547395388557,unclassified,"{""velocity"":{""low"":2.079847575868489,""median"":7.095046581072687,""high"":8.430729596050982},""surprise"":{""low"":5.345952349771543,""median"":5.753164182342439,""high"":6.66871554040501},""uncertainty"":{""low"":4.134304814163872,""median"":4.23486818560675,""high"":4.6786888751240285},""disequilibrium"":{""low"":7.0185565807311265,""median"":7.75971383393021,""high"":8.302542155301461}}"
diagnostic_2,0.005330958348245462,7.548325461150896e-05,9.375933294132255e-05,5.457758305377445e-06,3.3823760315034255e-07,0.0001285065837679904,0.043874510240610745,3547,1,0.7922716104534286,cross_market_dislocation,"{""velocity"":{""low"":2.079847575868489,""median"":7.095046581072687,""high"":8.430729596050982},""surprise"":{""low"":5.345952349771543,""median"":5.753164182342439,""high"":6.66871554040501},""uncertainty"":{""low"":4.134304814163872,""median"":4.23486818560675,""high"":4.6786888751240285},""disequilibrium"":{""low"":7.0185565807311265,""median"":7.75971383393021,""high"":8.302542155301461}}"
diagnostic_2,0.004799344458363273,4.849985919215462e-05,8.391563338462753e-05,-2.3714484849173312e-05,-1.4693169952917025e-06,0.00011456371234168968,0.04016077172529998,495,1,0.11056511056511056,hidden_disturbance,"{""velocity"":{""low"":2.079847575868489,""median"":7.095046581072687,""high"":8.430729596050982},""surprise"":{""low"":5.345952349771543,""median"":5.753164182342439,""high"":6.66871554040501},""uncertainty"":{""low"":4.134304814163872,""median"":4.23486818560675,""high"":4.6786888751240285},""disequilibrium"":{""low"":7.0185565807311265,""median"":7.75971383393021,""high"":8.302542155301461}}"
diagnostic_2,0.005848471152371373,7.566962733693507e-05,8.259696521978269e-05,-1.96834602968596e-05,-1.9008124184636829e-07,0.00011228640770414168,0.047213928997355124,435,1,0.0971632789814608,unclassified,"{""velocity"":{""low"":2.079847575868489,""median"":7.095046581072687,""high"":8.430729596050982},""surprise"":{""low"":5.345952349771543,""median"":5.753164182342439,""high"":6.66871554040501},""uncertainty"":{""low"":4.134304814163872,""median"":4.23486818560675,""high"":4.6786888751240285},""disequilibrium"":{""low"":7.0185565807311265,""median"":7.75971383393021,""high"":8.302542155301461}}"
diagnostic_1,0.00456200525782441,4.64708456703982e-05,8.685791859178207e-05,-2.516300689551117e-06,2.7409323467320285e-07,0.00011435104304757804,0.043947781054825164,2243,7,0.9577284372331341,cross_market_dislocation,"{""velocity"":{""low"":1.6798881886208923,""median"":7.001909773408228,""high"":8.407611380084365},""surprise"":{""low"":5.595720398187041,""median"":5.777336325871525,""high"":6.381291708819658},""uncertainty"":{""low"":4.134304814163872,""median"":4.23486818560675,""high"":4.6786888751240285},""disequilibrium"":{""low"":6.9032901000770135,""median"":7.646533962797994,""high"":8.23516046157346}}"
diagnostic_1,0.0035672092011996676,3.629960119724274e-05,6.920950753348214e-05,1.0523883975110949e-05,6.838419722043909e-07,0.0001100016186144201,0.03707826791026506,35,7,0.014944491887275833,hidden_disturbance,"{""velocity"":{""low"":1.6798881886208923,""median"":7.001909773408228,""high"":8.407611380084365},""surprise"":{""low"":5.595720398187041,""median"":5.777336325871525,""high"":6.381291708819658},""uncertainty"":{""low"":4.134304814163872,""median"":4.23486818560675,""high"":4.6786888751240285},""disequilibrium"":{""low"":6.9032901000770135,""median"":7.646533962797994,""high"":8.23516046157346}}"
diagnostic_1,0.004694918286986649,4.462010110728443e-05,8.466839790344238e-05,1.6791196685517207e-05,3.249017282769273e-06,0.00010537142471030679,0.04123356490237043,64,7,0.027327070879590094,unclassified,"{""velocity"":{""low"":1.6798881886208923,""median"":7.001909773408228,""high"":8.407611380084365},""surprise"":{""low"":5.595720398187041,""median"":5.777336325871525,""high"":6.381291708819658},""uncertainty"":{""low"":4.134304814163872,""median"":4.23486818560675,""high"":4.6786888751240285},""disequilibrium"":{""low"":6.9032901000770135,""median"":7.646533962797994,""high"":8.23516046157346}}"
diagnostic_2,0.005326679221669842,7.218232185146698e-05,9.184078026997134e-05,-2.448229979540712e-07,1.6769875632189797e-07,0.00012540231064433062,0.043837236700701894,4367,7,0.9754299754299754,cross_market_dislocation,"{""velocity"":{""low"":1.6798881886208923,""median"":7.001909773408228,""high"":8.407611380084365},""surprise"":{""low"":5.595720398187041,""median"":5.777336325871525,""high"":6.381291708819658},""uncertainty"":{""low"":4.134304814163872,""median"":4.23486818560675,""high"":4.6786888751240285},""disequilibrium"":{""low"":6.9032901000770135,""median"":7.646533962797994,""high"":8.23516046157346}}"
diagnostic_2,0.004375983995419962,4.223609964052836e-05,7.149025245949074e-05,-0.0001648996549192816,-1.376880391035229e-06,0.00010543366429680549,0.03635440231201836,27,7,0.006030824212642395,hidden_disturbance,"{""velocity"":{""low"":1.6798881886208923,""median"":7.001909773408228,""high"":8.407611380084365},""surprise"":{""low"":5.595720398187041,""median"":5.777336325871525,""high"":6.381291708819658},""uncertainty"":{""low"":4.134304814163872,""median"":4.23486818560675,""high"":4.6786888751240285},""disequilibrium"":{""low"":6.9032901000770135,""median"":7.646533962797994,""high"":8.23516046157346}}"
diagnostic_2,0.005408554102282926,0.00010002708533801229,8.473913353609752e-05,5.517019511548331e-05,-3.6799177445551235e-06,0.00013117925380354674,0.043635510926862936,83,7,0.018539200357382175,unclassified,"{""velocity"":{""low"":1.6798881886208923,""median"":7.001909773408228,""high"":8.407611380084365},""surprise"":{""low"":5.595720398187041,""median"":5.777336325871525,""high"":6.381291708819658},""uncertainty"":{""low"":4.134304814163872,""median"":4.23486818560675,""high"":4.6786888751240285},""disequilibrium"":{""low"":6.9032901000770135,""median"":7.646533962797994,""high"":8.23516046157346}}"
diagnostic_1,0.008369118803077273,5.206351892815696e-05,3.6027696397569445e-05,0.000350924558006227,1.5010789664100028e-06,9.822893921317507e-05,0.06786932128055506,9,23,0.003842869342442357,ambiguous_state,"{""velocity"":{""low"":2.5200003038408068,""median"":7.02992902454749,""high"":8.338216045531999},""surprise"":{""low"":5.735781156521191,""median"":5.8927654579641064,""high"":6.4832384006888235},""uncertainty"":{""low"":4.134304814163872,""median"":4.23486818560675,""high"":4.6786888751240285},""disequilibrium"":{""low"":7.035190264820201,""median"":7.864052455534329,""high"":8.545000428974165}}"
diagnostic_1,0.004515521999508233,4.6312372571671356e-05,8.680997033199741e-05,-4.9461265919518714e-06,3.5999865546332886e-07,0.00011416213323782601,0.0436061178578282,2309,23,0.9859094790777113,cross_market_dislocation,"{""velocity"":{""low"":2.5200003038408068,""median"":7.02992902454749,""high"":8.338216045531999},""surprise"":{""low"":5.735781156521191,""median"":5.8927654579641064,""high"":6.4832384006888235},""uncertainty"":{""low"":4.134304814163872,""median"":4.23486818560675,""high"":4.6786888751240285},""disequilibrium"":{""low"":7.035190264820201,""median"":7.864052455534329,""high"":8.545000428974165}}"
diagnostic_1,0.005474234328550451,3.559279310352662e-05,5.8566822725183826e-05,0.00010225749129484243,-2.014433394994258e-07,0.00011002447916031619,0.045558349696864994,17,23,0.007258753202391118,hidden_disturbance,"{""velocity"":{""low"":2.5200003038408068,""median"":7.02992902454749,""high"":8.338216045531999},""surprise"":{""low"":5.735781156521191,""median"":5.8927654579641064,""high"":6.4832384006888235},""uncertainty"":{""low"":4.134304814163872,""median"":4.23486818560675,""high"":4.6786888751240285},""disequilibrium"":{""low"":7.035190264820201,""median"":7.864052455534329,""high"":8.545000428974165}}"
diagnostic_1,0.009025790861674718,5.019456148147583e-05,0.00012847355433872769,0.0003318311438696193,7.629473007649981e-07,0.00010405359198537385,0.06281692378383062,7,23,0.0029888983774551663,unclassified,"{""velocity"":{""low"":2.5200003038408068,""median"":7.02992902454749,""high"":8.338216045531999},""surprise"":{""low"":5.735781156521191,""median"":5.8927654579641064,""high"":6.4832384006888235},""uncertainty"":{""low"":4.134304814163872,""median"":4.23486818560675,""high"":4.6786888751240285},""disequilibrium"":{""low"":7.035190264820201,""median"":7.864052455534329,""high"":8.545000428974165}}"
diagnostic_2,0.009338308374087017,4.257134472330411e-05,5.537668863932292e-05,0.00027781479633025205,2.4709096275425206e-06,0.000107943399971121,0.05828692276517545,30,23,0.006700915791824883,ambiguous_state,"{""velocity"":{""low"":2.5200003038408068,""median"":7.02992902454749,""high"":8.338216045531999},""surprise"":{""low"":5.735781156521191,""median"":5.8927654579641064,""high"":6.4832384006888235},""uncertainty"":{""low"":4.134304814163872,""median"":4.23486818560675,""high"":4.6786888751240285},""disequilibrium"":{""low"":7.035190264820201,""median"":7.864052455534329,""high"":8.545000428974165}}"
diagnostic_2,0.005262625774191896,7.263075154152339e-05,9.208112737558184e-05,-5.298961158368114e-06,1.0438312225286057e-07,0.00012586414552902763,0.04356152972236802,4384,23,0.9792271610453429,cross_market_dislocation,"{""velocity"":{""low"":2.5200003038408068,""median"":7.02992902454749,""high"":8.338216045531999},""surprise"":{""low"":5.735781156521191,""median"":5.8927654579641064,""high"":6.4832384006888235},""uncertainty"":{""low"":4.134304814163872,""median"":4.23486818560675,""high"":4.6786888751240285},""disequilibrium"":{""low"":7.035190264820201,""median"":7.864052455534329,""high"":8.545000428974165}}"
diagnostic_2,0.0037390626966953278,8.73140525072813e-05,9.310245513916016e-05,0.00019588648137869313,-3.3433673252147855e-06,0.0001153644898449099,0.030790344191197985,16,23,0.0035738217556399374,hidden_disturbance,"{""velocity"":{""low"":2.5200003038408068,""median"":7.02992902454749,""high"":8.338216045531999},""surprise"":{""low"":5.735781156521191,""median"":5.8927654579641064,""high"":6.4832384006888235},""uncertainty"":{""low"":4.134304814163872,""median"":4.23486818560675,""high"":4.6786888751240285},""disequilibrium"":{""low"":7.035190264820201,""median"":7.864052455534329,""high"":8.545000428974165}}"
diagnostic_2,0.008879661084489619,7.607324167769006e-05,6.803553155127992e-05,0.00023020662991528183,-1.8833509378229328e-06,9.561552658703385e-05,0.06011764783922298,47,23,0.010498101407192316,unclassified,"{""velocity"":{""low"":2.5200003038408068,""median"":7.02992902454749,""high"":8.338216045531999},""surprise"":{""low"":5.735781156521191,""median"":5.8927654579641064,""high"":6.4832384006888235},""uncertainty"":{""low"":4.134304814163872,""median"":4.23486818560675,""high"":4.6786888751240285},""disequilibrium"":{""low"":7.035190264820201,""median"":7.864052455534329,""high"":8.545000428974165}}"
diagnostic_1,0.004617945945009272,5.181286325480076e-05,8.826560162483378e-05,-5.349217470675865e-06,-1.5258668467372734e-06,0.0001184513531555973,0.04363201952726036,47,42,0.020068317677198976,ambiguous_state,"{""velocity"":{""low"":2.2345555006456714,""median"":7.468329585675203,""high"":8.841791232462032},""surprise"":{""low"":5.501870528198659,""median"":5.869308083116232,""high"":6.647163495953071},""uncertainty"":{""low"":4.134304814163872,""median"":4.23486818560675,""high"":4.6786888751240285},""disequilibrium"":{""low"":7.266957445538113,""median"":7.902028763425657,""high"":8.532709864842303}}"
diagnostic_1,0.0045797914132676715,4.670545468092917e-05,8.585877973201331e-05,3.713842016875863e-07,5.90255025239997e-07,0.00011285733817665822,0.044063570416803845,2003,42,0.8552519214346712,cross_market_dislocation,"{""velocity"":{""low"":2.2345555006456714,""median"":7.468329585675203,""high"":8.841791232462032},""surprise"":{""low"":5.501870528198659,""median"":5.869308083116232,""high"":6.647163495953071},""uncertainty"":{""low"":4.134304814163872,""median"":4.23486818560675,""high"":4.6786888751240285},""disequilibrium"":{""low"":7.266957445538113,""median"":7.902028763425657,""high"":8.532709864842303}}"
diagnostic_1,0.004011594073430396,4.195379887074861e-05,9.135153726183413e-05,-3.281041755309556e-06,-1.593521023564579e-06,0.00012072918836727706,0.03987012151644958,237,42,0.10119555935098207,hidden_disturbance,"{""velocity"":{""low"":2.2345555006456714,""median"":7.468329585675203,""high"":8.841791232462032},""surprise"":{""low"":5.501870528198659,""median"":5.869308083116232,""high"":6.647163495953071},""uncertainty"":{""low"":4.134304814163872,""median"":4.23486818560675,""high"":4.6786888751240285},""disequilibrium"":{""low"":7.266957445538113,""median"":7.902028763425657,""high"":8.532709864842303}}"
diagnostic_1,0.005759844183921814,4.4199976731430404e-05,8.889978582208807e-05,-7.119913379111411e-05,2.0684019876749845e-06,0.00012454432326323078,0.05004191226447178,55,42,0.023484201537147736,unclassified,"{""velocity"":{""low"":2.2345555006456714,""median"":7.468329585675203,""high"":8.841791232462032},""surprise"":{""low"":5.501870528198659,""median"":5.869308083116232,""high"":6.647163495953071},""uncertainty"":{""low"":4.134304814163872,""median"":4.23486818560675,""high"":4.6786888751240285},""disequilibrium"":{""low"":7.266957445538113,""median"":7.902028763425657,""high"":8.532709864842303}}"
diagnostic_2,0.005225155117182896,4.864724931018106e-05,8.967827106344288e-05,0.0002710962380033693,-1.100022426067755e-06,0.00011114178268886657,0.038489799479563665,58,42,0.012955103864194774,ambiguous_state,"{""velocity"":{""low"":2.2345555006456714,""median"":7.468329585675203,""high"":8.841791232462032},""surprise"":{""low"":5.501870528198659,""median"":5.869308083116232,""high"":6.647163495953071},""uncertainty"":{""low"":4.134304814163872,""median"":4.23486818560675,""high"":4.6786888751240285},""disequilibrium"":{""low"":7.266957445538113,""median"":7.902028763425657,""high"":8.532709864842303}}"
diagnostic_2,0.00528455241971553,7.37528321819204e-05,9.082602506708137e-05,-9.496268080548737e-06,2.891879416142264e-07,0.00012429097537219663,0.043837329014838215,3622,42,0.8090238999329908,cross_market_dislocation,"{""velocity"":{""low"":2.2345555006456714,""median"":7.468329585675203,""high"":8.841791232462032},""surprise"":{""low"":5.501870528198659,""median"":5.869308083116232,""high"":6.647163495953071},""uncertainty"":{""low"":4.134304814163872,""median"":4.23486818560675,""high"":4.6786888751240285},""disequilibrium"":{""low"":7.266957445538113,""median"":7.902028763425657,""high"":8.532709864842303}}"
diagnostic_2,0.004923832145339122,6.011543602276222e-05,9.614380838353107e-05,-2.109267001761098e-05,-2.737456065870971e-07,0.00013413712338784217,0.04002842784097242,511,42,0.11413893232075051,hidden_disturbance,"{""velocity"":{""low"":2.2345555006456714,""median"":7.468329585675203,""high"":8.841791232462032},""surprise"":{""low"":5.501870528198659,""median"":5.869308083116232,""high"":6.647163495953071},""uncertainty"":{""low"":4.134304814163872,""median"":4.23486818560675,""high"":4.6786888751240285},""disequilibrium"":{""low"":7.266957445538113,""median"":7.902028763425657,""high"":8.532709864842303}}"
diagnostic_2,0.0065345581542778685,8.387949604254503e-05,9.34600830078125e-05,9.967814350437203e-05,-1.5874891375772366e-06,0.00012655339629462296,0.05096079808749531,286,42,0.06388206388206388,unclassified,"{""velocity"":{""low"":2.2345555006456714,""median"":7.468329585675203,""high"":8.841791232462032},""surprise"":{""low"":5.501870528198659,""median"":5.869308083116232,""high"":6.647163495953071},""uncertainty"":{""low"":4.134304814163872,""median"":4.23486818560675,""high"":4.6786888751240285},""disequilibrium"":{""low"":7.266957445538113,""median"":7.902028763425657,""high"":8.532709864842303}}"
diagnostic_1,0.004189664308796637,4.9184013732883614e-05,8.017756044864655e-05,-1.945443924000756e-05,1.3274241039695767e-06,0.00010720829814243886,0.040581408609132175,1024,101,0.4372331340734415,ambiguous_state,"{""velocity"":{""low"":2.0171012756925273,""median"":7.2842887550322,""high"":8.615074061735005},""surprise"":{""low"":5.790159074918733,""median"":6.21878192521874,""high"":6.848322588993884},""uncertainty"":{""low"":4.134304814163872,""median"":4.23486818560675,""high"":4.6786888751240285},""disequilibrium"":{""low"":7.1590226917296755,""median"":7.974664113763572,""high"":8.618487101442287}}"
diagnostic_1,0.0046935515832089185,4.418617978985805e-05,9.102206076345136e-05,1.2340784568579927e-05,-3.6571440201005057e-07,0.00012010826672694111,0.045818140958802045,1116,101,0.47651579846285225,cross_market_dislocation,"{""velocity"":{""low"":2.0171012756925273,""median"":7.2842887550322,""high"":8.615074061735005},""surprise"":{""low"":5.790159074918733,""median"":6.21878192521874,""high"":6.848322588993884},""uncertainty"":{""low"":4.134304814163872,""median"":4.23486818560675,""high"":4.6786888751240285},""disequilibrium"":{""low"":7.1590226917296755,""median"":7.974664113763572,""high"":8.618487101442287}}"
diagnostic_1,0.003609305992722511,2.685524523258209e-05,7.863044738769532e-05,-6.279058507061564e-05,-9.876837793854066e-07,0.00012779944891733725,0.041292418520093424,40,101,0.017079419299743808,hidden_disturbance,"{""velocity"":{""low"":2.0171012756925273,""median"":7.2842887550322,""high"":8.615074061735005},""surprise"":{""low"":5.790159074918733,""median"":6.21878192521874,""high"":6.848322588993884},""uncertainty"":{""low"":4.134304814163872,""median"":4.23486818560675,""high"":4.6786888751240285},""disequilibrium"":{""low"":7.1590226917296755,""median"":7.974664113763572,""high"":8.618487101442287}}"
diagnostic_1,0.00608217794402146,4.697446193959978e-05,9.775161743164062e-05,2.7528170903678983e-05,-4.0107998857921404e-07,0.0001120315831287941,0.050441086234602785,162,101,0.06917164816396243,unclassified,"{""velocity"":{""low"":2.0171012756925273,""median"":7.2842887550322,""high"":8.615074061735005},""surprise"":{""low"":5.790159074918733,""median"":6.21878192521874,""high"":6.848322588993884},""uncertainty"":{""low"":4.134304814163872,""median"":4.23486818560675,""high"":4.6786888751240285},""disequilibrium"":{""low"":7.1590226917296755,""median"":7.974664113763572,""high"":8.618487101442287}}"
diagnostic_2,0.004580878170268607,6.135213863601644e-05,8.898999119762711e-05,-4.3972209317260924e-05,3.588658997207283e-07,0.00011266527137369437,0.039228990696747325,697,101,0.15568461023006477,ambiguous_state,"{""velocity"":{""low"":2.0171012756925273,""median"":7.2842887550322,""high"":8.615074061735005},""surprise"":{""low"":5.790159074918733,""median"":6.21878192521874,""high"":6.848322588993884},""uncertainty"":{""low"":4.134304814163872,""median"":4.23486818560675,""high"":4.6786888751240285},""disequilibrium"":{""low"":7.1590226917296755,""median"":7.974664113763572,""high"":8.618487101442287}}"
diagnostic_2,0.005376550234977226,7.351538889057372e-05,9.275466765997544e-05,1.16053476485488e-05,2.674461782435345e-08,0.00012878286323498322,0.0444289711268634,3392,101,0.7576502121956668,cross_market_dislocation,"{""velocity"":{""low"":2.0171012756925273,""median"":7.2842887550322,""high"":8.615074061735005},""surprise"":{""low"":5.790159074918733,""median"":6.21878192521874,""high"":6.848322588993884},""uncertainty"":{""low"":4.134304814163872,""median"":4.23486818560675,""high"":4.6786888751240285},""disequilibrium"":{""low"":7.1590226917296755,""median"":7.974664113763572,""high"":8.618487101442287}}"
diagnostic_2,0.004474496325621238,9.901151777460024e-05,0.0001224371103140024,-7.98714105398036e-06,-4.657805675378768e-06,0.00015745638327968083,0.0387199073960672,26,101,0.005807460352914898,hidden_disturbance,"{""velocity"":{""low"":2.0171012756925273,""median"":7.2842887550322,""high"":8.615074061735005},""surprise"":{""low"":5.790159074918733,""median"":6.21878192521874,""high"":6.848322588993884},""uncertainty"":{""low"":4.134304814163872,""median"":4.23486818560675,""high"":4.6786888751240285},""disequilibrium"":{""low"":7.1590226917296755,""median"":7.974664113763572,""high"":8.618487101442287}}"
diagnostic_2,0.006304426334839499,8.276763284650956e-05,8.34227925506086e-05,-2.6108702162000254e-05,4.695778930828603e-07,0.00011578299828646471,0.04692854909134808,362,101,0.08085771722135358,unclassified,"{""velocity"":{""low"":2.0171012756925273,""median"":7.2842887550322,""high"":8.615074061735005},""surprise"":{""low"":5.790159074918733,""median"":6.21878192521874,""high"":6.848322588993884},""uncertainty"":{""low"":4.134304814163872,""median"":4.23486818560675,""high"":4.6786888751240285},""disequilibrium"":{""low"":7.1590226917296755,""median"":7.974664113763572,""high"":8.618487101442287}}"
