latency_ms,ttl_seconds,queue_model,fee_bps,signals,fills,fill_rate,mean_net_bps_per_fill,mean_net_bps_per_signal,total_net_bps,win_rate_fills,break_even_fee_bps_per_fill
0,1,full_displayed,0.0,203,6,0.029556650246305417,-0.24984601153086108,-0.007384611178252052,-1.4990760691851666,0.5,-0.24984601153086108
0,1,full_displayed,0.2,203,6,0.029556650246305417,-0.4498460115308611,-0.013295941227513137,-2.6990760691851667,0.5,-0.24984601153086108
0,1,full_displayed,0.5,203,6,0.029556650246305417,-0.7498460115308613,-0.022162936301404767,-4.4990760691851674,0.5,-0.24984601153086108
0,1,full_displayed,1.0,203,6,0.029556650246305417,-1.2498460115308612,-0.036941261424557476,-7.4990760691851674,0.3333333333333333,-0.24984601153086108
0,1,half_displayed,0.0,203,7,0.034482758620689655,-0.2141537241693095,-0.007384611178252052,-1.4990760691851666,0.42857142857142855,-0.2141537241693095
0,1,half_displayed,0.2,203,7,0.034482758620689655,-0.41415372416930957,-0.014281162902389984,-2.899076069185167,0.42857142857142855,-0.2141537241693095
0,1,half_displayed,0.5,203,7,0.034482758620689655,-0.7141537241693097,-0.024625990488596886,-4.9990760691851674,0.42857142857142855,-0.2141537241693095
0,1,half_displayed,1.0,203,7,0.034482758620689655,-1.2141537241693097,-0.04186736979894171,-8.499076069185168,0.2857142857142857,-0.2141537241693095
0,1,touch,0.0,203,28,0.13793103448275862,0.13449490334029185,0.01855102115038508,3.7658572935281716,0.5,0.13449490334029185
0,1,touch,0.2,203,28,0.13793103448275862,-0.06550509665970815,-0.00903518574616664,-1.834142706471828,0.5,0.13449490334029185
0,1,touch,0.5,203,28,0.13793103448275862,-0.36550509665970815,-0.05041449609099423,-10.234142706471829,0.35714285714285715,0.13449490334029185
0,1,touch,1.0,203,28,0.13793103448275862,-0.8655050966597081,-0.11938001333237352,-24.234142706471825,0.25,0.13449490334029185
0,5,full_displayed,0.0,203,31,0.15270935960591134,0.2722691595769271,0.04157804899943222,8.44034394688474,0.41935483870967744,0.2722691595769271
0,5,full_displayed,0.2,203,31,0.15270935960591134,0.072269159576927,0.011036177078249935,2.240343946884737,0.41935483870967744,0.2722691595769271
0,5,full_displayed,0.5,203,31,0.15270935960591134,-0.22773084042307296,-0.03477663080352346,-7.059656053115262,0.3225806451612903,0.2722691595769271
0,5,full_displayed,1.0,203,31,0.15270935960591134,-0.727730840423073,-0.11113131060647913,-22.559656053115262,0.2903225806451613,0.2722691595769271
0,5,half_displayed,0.0,203,35,0.1724137931034483,0.29510896695140804,0.05088085637093242,10.328813843299281,0.45714285714285713,0.29510896695140804
0,5,half_displayed,0.2,203,35,0.1724137931034483,0.09510896695140798,0.016398097750242757,3.3288138432992795,0.42857142857142855,0.29510896695140804
0,5,half_displayed,0.5,203,35,0.1724137931034483,-0.20489103304859207,-0.03532604018079173,-7.171186156700722,0.34285714285714286,0.29510896695140804
0,5,half_displayed,1.0,203,35,0.1724137931034483,-0.7048910330485921,-0.12153293673251588,-24.671186156700724,0.3142857142857143,0.29510896695140804
0,5,touch,0.0,203,93,0.458128078817734,0.3391956450892831,0.15539504922809524,31.545194993303333,0.5483870967741935,0.3391956450892831
0,5,touch,0.2,203,93,0.458128078817734,0.1391956450892831,0.06376943346454841,12.945194993303328,0.4946236559139785,0.3391956450892831
0,5,touch,0.5,203,93,0.458128078817734,-0.16080435491071693,-0.07366899018077179,-14.954805006696674,0.3763440860215054,0.3391956450892831
0,5,touch,1.0,203,93,0.458128078817734,-0.660804354910717,-0.3027330295896388,-61.45480500669668,0.25806451612903225,0.3391956450892831
250,1,full_displayed,0.0,203,6,0.029556650246305417,0.4396346029114966,0.01299412619442847,2.6378076174689795,0.6666666666666666,0.4396346029114966
250,1,full_displayed,0.2,203,6,0.029556650246305417,0.23963460291149655,0.007082796145167386,1.4378076174689793,0.6666666666666666,0.4396346029114966
250,1,full_displayed,0.5,203,6,0.029556650246305417,-0.06036539708850342,-0.001784198928724239,-0.36219238253102054,0.5,0.4396346029114966
250,1,full_displayed,1.0,203,6,0.029556650246305417,-0.5603653970885034,-0.01656252405187695,-3.3621923825310205,0.3333333333333333,0.4396346029114966
250,1,half_displayed,0.0,203,6,0.029556650246305417,0.4396346029114966,0.01299412619442847,2.6378076174689795,0.6666666666666666,0.4396346029114966
250,1,half_displayed,0.2,203,6,0.029556650246305417,0.23963460291149655,0.007082796145167386,1.4378076174689793,0.6666666666666666,0.4396346029114966
250,1,half_displayed,0.5,203,6,0.029556650246305417,-0.06036539708850342,-0.001784198928724239,-0.36219238253102054,0.5,0.4396346029114966
250,1,half_displayed,1.0,203,6,0.029556650246305417,-0.5603653970885034,-0.01656252405187695,-3.3621923825310205,0.3333333333333333,0.4396346029114966
250,1,touch,0.0,203,23,0.11330049261083744,0.17433204785754755,0.019751906900116224,4.009637100723594,0.5652173913043478,0.17433204785754755
250,1,touch,0.2,203,23,0.11330049261083744,-0.025667952142452544,-0.0029081916220512734,-0.5903628992764085,0.5652173913043478,0.17433204785754755
250,1,touch,0.5,203,23,0.11330049261083744,-0.3256679521424524,-0.03689833940530249,-7.4903628992764055,0.391304347826087,0.17433204785754755
250,1,touch,1.0,203,23,0.11330049261083744,-0.8256679521424524,-0.09354858571072121,-18.990362899276406,0.2608695652173913,0.17433204785754755
250,5,full_displayed,0.0,203,33,0.1625615763546798,0.20011166729588875,0.0325304680825829,6.6036850207643285,0.42424242424242425,0.20011166729588875
250,5,full_displayed,0.2,203,33,0.1625615763546798,0.00011166729588873319,1.815281164693692e-05,0.003685020764328195,0.42424242424242425,0.20011166729588875
250,5,full_displayed,0.5,203,33,0.1625615763546798,-0.2998883327041112,-0.04875032009475699,-9.896314979235669,0.30303030303030304,0.20011166729588875
250,5,full_displayed,1.0,203,33,0.1625615763546798,-0.7998883327041113,-0.1300311082720969,-26.396314979235672,0.2727272727272727,0.20011166729588875
250,5,half_displayed,0.0,203,37,0.18226600985221675,0.27250502265111753,0.04966840314330714,10.082685838091349,0.4594594594594595,0.27250502265111753
250,5,half_displayed,0.2,203,37,0.18226600985221675,0.07250502265111758,0.013215201172863794,2.6826858380913503,0.43243243243243246,0.27250502265111753
250,5,half_displayed,0.5,203,37,0.18226600985221675,-0.2274949773488824,-0.04146460178280123,-8.41731416190865,0.32432432432432434,0.27250502265111753
250,5,half_displayed,1.0,203,37,0.18226600985221675,-0.7274949773488825,-0.13259760670890963,-26.917314161908653,0.2972972972972973,0.27250502265111753
250,5,touch,0.0,203,93,0.458128078817734,0.3647926899535974,0.16712177421519486,33.92572016568456,0.5698924731182796,0.3647926899535974
250,5,touch,0.2,203,93,0.458128078817734,0.16479268995359744,0.07549615845164809,15.325720165684562,0.5161290322580645,0.3647926899535974
250,5,touch,0.5,203,93,0.458128078817734,-0.13520731004640257,-0.06194226519367212,-12.57427983431544,0.3978494623655914,0.3647926899535974
250,5,touch,1.0,203,93,0.458128078817734,-0.6352073100464025,-0.29100630460253907,-59.07427983431543,0.26881720430107525,0.3647926899535974
1000,1,full_displayed,0.0,203,0,0.0,,0.0,0.0,,
1000,1,full_displayed,0.2,203,0,0.0,,0.0,0.0,,
1000,1,full_displayed,0.5,203,0,0.0,,0.0,0.0,,
1000,1,full_displayed,1.0,203,0,0.0,,0.0,0.0,,
1000,1,half_displayed,0.0,203,0,0.0,,0.0,0.0,,
1000,1,half_displayed,0.2,203,0,0.0,,0.0,0.0,,
1000,1,half_displayed,0.5,203,0,0.0,,0.0,0.0,,
1000,1,half_displayed,1.0,203,0,0.0,,0.0,0.0,,
1000,1,touch,0.0,203,0,0.0,,0.0,0.0,,
1000,1,touch,0.2,203,0,0.0,,0.0,0.0,,
1000,1,touch,0.5,203,0,0.0,,0.0,0.0,,
1000,1,touch,1.0,203,0,0.0,,0.0,0.0,,
1000,5,full_displayed,0.0,203,25,0.12315270935960591,0.30779840773599537,0.03790620784926051,7.694960193399884,0.4,0.30779840773599537
1000,5,full_displayed,0.2,203,25,0.12315270935960591,0.10779840773599542,0.013275665977339337,2.6949601933998855,0.36,0.30779840773599537
1000,5,full_displayed,0.5,203,25,0.12315270935960591,-0.19220159226400457,-0.023670146830542436,-4.8050398066001145,0.28,0.30779840773599537
1000,5,full_displayed,1.0,203,25,0.12315270935960591,-0.6922015922640046,-0.0852465015103454,-17.305039806600114,0.24,0.30779840773599537
1000,5,half_displayed,0.0,203,30,0.1477832512315271,0.346443489563252,0.051198545255653004,10.39330468689756,0.4,0.346443489563252
1000,5,half_displayed,0.2,203,30,0.1477832512315271,0.14644348956325187,0.02164189500934757,4.393304686897556,0.36666666666666664,0.346443489563252
1000,5,half_displayed,0.5,203,30,0.1477832512315271,-0.15355651043674806,-0.02269308036011055,-4.606695313102442,0.3,0.346443489563252
1000,5,half_displayed,1.0,203,30,0.1477832512315271,-0.6535565104367479,-0.09658470597587408,-19.60669531310244,0.26666666666666666,0.346443489563252
1000,5,touch,0.0,203,86,0.4236453201970443,0.34047368011088486,0.14424008122924187,29.2807364895361,0.5232558139534884,0.34047368011088486
1000,5,touch,0.2,203,86,0.4236453201970443,0.14047368011088487,0.059511017189832996,12.080736489536099,0.45348837209302323,0.34047368011088486
1000,5,touch,0.5,203,86,0.4236453201970443,-0.15952631988911511,-0.06758257886928029,-13.7192635104639,0.38372093023255816,0.34047368011088486
1000,5,touch,1.0,203,86,0.4236453201970443,-0.6595263198891151,-0.2794052389678025,-56.719263510463904,0.27906976744186046,0.34047368011088486
