session,latency_ms,ttl_seconds,queue_model,fee_bps,signals,fills,fill_rate,mean_net_bps_per_fill,mean_net_bps_per_signal,total_net_bps,win_rate_fills,mean_adverse_1s_bps,mean_adverse_5s_bps
2026-08-26,0,1,full_displayed,0.0,61,4,0.06557377049180328,-1.1356761531664123,-0.07447056742074835,-4.542704612665649,0.25,0.08178444217754802,0.6699144255093793
2026-08-26,0,1,full_displayed,0.2,61,4,0.06557377049180328,-1.3356761531664123,-0.087585321519109,-5.342704612665649,0.25,0.08178444217754802,0.6699144255093793
2026-08-26,0,1,full_displayed,0.5,61,4,0.06557377049180328,-1.6356761531664126,-0.10725745266665,-6.54270461266565,0.25,0.08178444217754802,0.6699144255093793
2026-08-26,0,1,full_displayed,1.0,61,4,0.06557377049180328,-2.1356761531664126,-0.14004433791255164,-8.54270461266565,0.25,0.08178444217754802,0.6699144255093793
2026-08-26,0,1,half_displayed,0.0,61,4,0.06557377049180328,-1.1356761531664123,-0.07447056742074835,-4.542704612665649,0.25,0.08178444217754802,0.6699144255093793
2026-08-26,0,1,half_displayed,0.2,61,4,0.06557377049180328,-1.3356761531664123,-0.087585321519109,-5.342704612665649,0.25,0.08178444217754802,0.6699144255093793
2026-08-26,0,1,half_displayed,0.5,61,4,0.06557377049180328,-1.6356761531664126,-0.10725745266665,-6.54270461266565,0.25,0.08178444217754802,0.6699144255093793
2026-08-26,0,1,half_displayed,1.0,61,4,0.06557377049180328,-2.1356761531664126,-0.14004433791255164,-8.54270461266565,0.25,0.08178444217754802,0.6699144255093793
2026-08-26,0,1,touch,0.0,61,8,0.13114754098360656,-0.5471895583083148,-0.0717625650240413,-4.377516466466519,0.375,0.04089222108877401,0.40142702968946165
2026-08-26,0,1,touch,0.2,61,8,0.13114754098360656,-0.7471895583083148,-0.0979920732207626,-5.977516466466518,0.375,0.04089222108877401,0.40142702968946165
2026-08-26,0,1,touch,0.5,61,8,0.13114754098360656,-1.047189558308315,-0.1373363355158446,-8.37751646646652,0.25,0.04089222108877401,0.40142702968946165
2026-08-26,0,1,touch,1.0,61,8,0.13114754098360656,-1.547189558308315,-0.2029101060076479,-12.37751646646652,0.25,0.04089222108877401,0.40142702968946165
2026-08-26,0,5,full_displayed,0.0,61,9,0.14754098360655737,-0.10896213008863193,-0.016076379849142414,-0.9806591707976873,0.4444444444444444,0.02951530093139267,0.3797885991147703
2026-08-26,0,5,full_displayed,0.2,61,9,0.14754098360655737,-0.3089621300886319,-0.04558457657045389,-2.780659170797687,0.4444444444444444,0.02951530093139267,0.3797885991147703
2026-08-26,0,5,full_displayed,0.5,61,9,0.14754098360655737,-0.6089621300886321,-0.08984687165242113,-5.480659170797689,0.3333333333333333,0.02951530093139267,0.3797885991147703
2026-08-26,0,5,full_displayed,1.0,61,9,0.14754098360655737,-1.1089621300886323,-0.16361736345569983,-9.98065917079769,0.3333333333333333,0.02951530093139267,0.3797885991147703
2026-08-26,0,5,half_displayed,0.0,61,9,0.14754098360655737,-0.10896213008863193,-0.016076379849142414,-0.9806591707976873,0.4444444444444444,0.03408580803789875,0.3866221844154198
2026-08-26,0,5,half_displayed,0.2,61,9,0.14754098360655737,-0.3089621300886319,-0.04558457657045389,-2.780659170797687,0.4444444444444444,0.03408580803789875,0.3866221844154198
2026-08-26,0,5,half_displayed,0.5,61,9,0.14754098360655737,-0.6089621300886321,-0.08984687165242113,-5.480659170797689,0.3333333333333333,0.03408580803789875,0.3866221844154198
2026-08-26,0,5,half_displayed,1.0,61,9,0.14754098360655737,-1.1089621300886323,-0.16361736345569983,-9.98065917079769,0.3333333333333333,0.03408580803789875,0.3866221844154198
2026-08-26,0,5,touch,0.0,61,23,0.3770491803278688,-0.2171406056124362,-0.08187268736206611,-4.9942339290860325,0.5217391304347826,0.01422338124826922,0.26596508396362817
2026-08-26,0,5,touch,0.2,61,23,0.3770491803278688,-0.41714060561243627,-0.1572825234276399,-9.594233929086034,0.43478260869565216,0.01422338124826922,0.26596508396362817
2026-08-26,0,5,touch,0.5,61,23,0.3770491803278688,-0.7171406056124362,-0.2703972775260005,-16.494233929086032,0.30434782608695654,0.01422338124826922,0.26596508396362817
2026-08-26,0,5,touch,1.0,61,23,0.3770491803278688,-1.2171406056124363,-0.45892186768993504,-27.994233929086036,0.2608695652173913,0.01422338124826922,0.26596508396362817
2026-08-26,250,1,full_displayed,0.0,61,3,0.04918032786885246,-0.23158974823930042,-0.01138965974947379,-0.6947692447179012,0.3333333333333333,0.163666976621566,0.9001467327292415
2026-08-26,250,1,full_displayed,0.2,61,3,0.04918032786885246,-0.43158974823930046,-0.021225725323244283,-1.2947692447179013,0.3333333333333333,0.163666976621566,0.9001467327292415
2026-08-26,250,1,full_displayed,0.5,61,3,0.04918032786885246,-0.7315897482393005,-0.03597982368390002,-2.1947692447179015,0.3333333333333333,0.163666976621566,0.9001467327292415
2026-08-26,250,1,full_displayed,1.0,61,3,0.04918032786885246,-1.2315897482393006,-0.06056998761832626,-3.6947692447179015,0.3333333333333333,0.163666976621566,0.9001467327292415
2026-08-26,250,1,half_displayed,0.0,61,3,0.04918032786885246,-0.23158974823930042,-0.01138965974947379,-0.6947692447179012,0.3333333333333333,0.163666976621566,0.9001467327292415
2026-08-26,250,1,half_displayed,0.2,61,3,0.04918032786885246,-0.43158974823930046,-0.021225725323244283,-1.2947692447179013,0.3333333333333333,0.163666976621566,0.9001467327292415
2026-08-26,250,1,half_displayed,0.5,61,3,0.04918032786885246,-0.7315897482393005,-0.03597982368390002,-2.1947692447179015,0.3333333333333333,0.163666976621566,0.9001467327292415
2026-08-26,250,1,half_displayed,1.0,61,3,0.04918032786885246,-1.2315897482393006,-0.06056998761832626,-3.6947692447179015,0.3333333333333333,0.163666976621566,0.9001467327292415
2026-08-26,250,1,touch,0.0,61,8,0.13114754098360656,-0.5267150131446029,-0.06907737877306268,-4.213720105156823,0.375,0.06137511623308726,0.4245077368526501
2026-08-26,250,1,touch,0.2,61,8,0.13114754098360656,-0.7267150131446027,-0.09530688696978397,-5.813720105156822,0.375,0.06137511623308726,0.4245077368526501
2026-08-26,250,1,touch,0.5,61,8,0.13114754098360656,-1.0267150131446028,-0.13465114926486593,-8.213720105156822,0.25,0.06137511623308726,0.4245077368526501
2026-08-26,250,1,touch,1.0,61,8,0.13114754098360656,-1.5267150131446028,-0.20022491975666923,-12.213720105156822,0.25,0.06137511623308726,0.4245077368526501
2026-08-26,250,5,full_displayed,0.0,61,8,0.13114754098360656,-0.5627355003638224,-0.07380137709689473,-4.501884002910579,0.375,0.05113971289733212,0.10230502305741837
2026-08-26,250,5,full_displayed,0.2,61,8,0.13114754098360656,-0.7627355003638222,-0.10003088529361602,-6.101884002910578,0.375,0.05113971289733212,0.10230502305741837
2026-08-26,250,5,full_displayed,0.5,61,8,0.13114754098360656,-1.0627355003638224,-0.139375147588698,-8.501884002910579,0.25,0.05113971289733212,0.10230502305741837
2026-08-26,250,5,full_displayed,1.0,61,8,0.13114754098360656,-1.5627355003638224,-0.20494891808050128,-12.501884002910579,0.25,0.05113971289733212,0.10230502305741837
2026-08-26,250,5,half_displayed,0.0,61,9,0.14754098360655737,-0.1044325608273331,-0.01540808274501636,-0.9398930474459979,0.4444444444444444,0.05002802968191241,0.3935053368720857
2026-08-26,250,5,half_displayed,0.2,61,9,0.14754098360655737,-0.304432560827333,-0.04491627946632782,-2.739893047445997,0.4444444444444444,0.05002802968191241,0.3935053368720857
2026-08-26,250,5,half_displayed,0.5,61,9,0.14754098360655737,-0.6044325608273331,-0.08917857454829504,-5.439893047445998,0.3333333333333333,0.05002802968191241,0.3935053368720857
2026-08-26,250,5,half_displayed,1.0,61,9,0.14754098360655737,-1.104432560827333,-0.16294906635157375,-9.939893047445999,0.3333333333333333,0.05002802968191241,0.3935053368720857
2026-08-26,250,5,touch,0.0,61,24,0.39344262295081966,-0.17569315029623045,-0.0691251738870415,-4.216635607109531,0.5416666666666666,0.02045837207769575,0.2975327422445175
2026-08-26,250,5,touch,0.2,61,24,0.39344262295081966,-0.37569315029623046,-0.14781369847720544,-9.016635607109531,0.4583333333333333,0.02045837207769575,0.2975327422445175
2026-08-26,250,5,touch,0.5,61,24,0.39344262295081966,-0.6756931502962304,-0.2658464853624513,-16.21663560710953,0.3333333333333333,0.02045837207769575,0.2975327422445175
2026-08-26,250,5,touch,1.0,61,24,0.39344262295081966,-1.1756931502962304,-0.46256779683786114,-28.21663560710953,0.25,0.02045837207769575,0.2975327422445175
2026-08-26,1000,1,full_displayed,0.0,61,0,0.0,,0.0,0.0,,,
2026-08-26,1000,1,full_displayed,0.2,61,0,0.0,,0.0,0.0,,,
2026-08-26,1000,1,full_displayed,0.5,61,0,0.0,,0.0,0.0,,,
2026-08-26,1000,1,full_displayed,1.0,61,0,0.0,,0.0,0.0,,,
2026-08-26,1000,1,half_displayed,0.0,61,0,0.0,,0.0,0.0,,,
2026-08-26,1000,1,half_displayed,0.2,61,0,0.0,,0.0,0.0,,,
2026-08-26,1000,1,half_displayed,0.5,61,0,0.0,,0.0,0.0,,,
2026-08-26,1000,1,half_displayed,1.0,61,0,0.0,,0.0,0.0,,,
2026-08-26,1000,1,touch,0.0,61,0,0.0,,0.0,0.0,,,
2026-08-26,1000,1,touch,0.2,61,0,0.0,,0.0,0.0,,,
2026-08-26,1000,1,touch,0.5,61,0,0.0,,0.0,0.0,,,
2026-08-26,1000,1,touch,1.0,61,0,0.0,,0.0,0.0,,,
2026-08-26,1000,5,full_displayed,0.0,61,4,0.06557377049180328,-0.501354020052395,-0.03287567344605869,-2.00541608020958,0.25,0.0,-0.07676367349567383
2026-08-26,1000,5,full_displayed,0.2,61,4,0.06557377049180328,-0.701354020052395,-0.04599042754441934,-2.80541608020958,0.25,0.0,-0.07676367349567383
2026-08-26,1000,5,full_displayed,0.5,61,4,0.06557377049180328,-1.001354020052395,-0.06566255869196032,-4.00541608020958,0.25,0.0,-0.07676367349567383
2026-08-26,1000,5,full_displayed,1.0,61,4,0.06557377049180328,-1.501354020052395,-0.09844944393786197,-6.00541608020958,0.0,0.0,-0.07676367349567383
2026-08-26,1000,5,half_displayed,0.0,61,5,0.08196721311475409,0.31131497505100014,0.025517620905819684,1.5565748752550008,0.4,0.0,0.4709101771401767
2026-08-26,1000,5,half_displayed,0.2,61,5,0.08196721311475409,0.11131497505100016,0.009124178282868866,0.5565748752550008,0.4,0.0,0.4709101771401767
2026-08-26,1000,5,half_displayed,0.5,61,5,0.08196721311475409,-0.18868502494899975,-0.015465985651557356,-0.9434251247449987,0.4,0.0,0.4709101771401767
2026-08-26,1000,5,half_displayed,1.0,61,5,0.08196721311475409,-0.6886850249489997,-0.056449592208934404,-3.4434251247449987,0.2,0.0,0.4709101771401767
2026-08-26,1000,5,touch,0.0,61,20,0.32786885245901637,-0.30704519349206666,-0.10067055524330054,-6.140903869841333,0.5,-0.025558346869829007,0.16885054056227272
2026-08-26,1000,5,touch,0.2,61,20,0.32786885245901637,-0.5070451934920668,-0.16624432573510384,-10.140903869841335,0.35,-0.025558346869829007,0.16885054056227272
2026-08-26,1000,5,touch,0.5,61,20,0.32786885245901637,-0.8070451934920666,-0.2646049814728087,-16.14090386984133,0.3,-0.025558346869829007,0.16885054056227272
2026-08-26,1000,5,touch,1.0,61,20,0.32786885245901637,-1.3070451934920668,-0.42853940770231697,-26.140903869841335,0.2,-0.025558346869829007,0.16885054056227272
2026-08-27,0,1,full_displayed,0.0,142,2,0.014084507042253521,1.5218142717402414,0.021434003827327346,3.043628543480483,1.0,0.0,0.10287902821000497
2026-08-27,0,1,full_displayed,0.2,142,2,0.014084507042253521,1.3218142717402412,0.018617102418876638,2.6436285434804825,1.0,0.0,0.10287902821000497
2026-08-27,0,1,full_displayed,0.5,142,2,0.014084507042253521,1.0218142717402414,0.014391750306200584,2.043628543480483,1.0,0.0,0.10287902821000497
2026-08-27,0,1,full_displayed,1.0,142,2,0.014084507042253521,0.5218142717402414,0.007349496785073822,1.0436285434804828,0.5,0.0,0.10287902821000497
2026-08-27,0,1,half_displayed,0.0,142,3,0.02112676056338028,1.0145428478268277,0.021434003827327346,3.043628543480483,0.6666666666666666,0.0,-0.13058701882440313
2026-08-27,0,1,half_displayed,0.2,142,3,0.02112676056338028,0.8145428478268274,0.017208651714651284,2.4436285434804823,0.6666666666666666,0.0,-0.13058701882440313
2026-08-27,0,1,half_displayed,0.5,142,3,0.02112676056338028,0.5145428478268276,0.010870623545637203,1.5436285434804828,0.6666666666666666,0.0,-0.13058701882440313
2026-08-27,0,1,half_displayed,1.0,142,3,0.02112676056338028,0.014542847826827613,0.00030724326394706224,0.04362854348048284,0.3333333333333333,0.0,-0.13058701882440313
2026-08-27,0,1,touch,0.0,142,20,0.14084507042253522,0.4071686879997345,0.05734770253517387,8.14337375999469,0.55,0.20320174779573374,0.6198537214138954
2026-08-27,0,1,touch,0.2,142,20,0.14084507042253522,0.20716868799973448,0.029178688450666828,4.14337375999469,0.55,0.20320174779573374,0.6198537214138954
2026-08-27,0,1,touch,0.5,142,20,0.14084507042253522,-0.09283131200026544,-0.013074832676093724,-1.8566262400053088,0.4,0.20320174779573374,0.6198537214138954
2026-08-27,0,1,touch,1.0,142,20,0.14084507042253522,-0.5928313120002654,-0.08349736788736133,-11.856626240005308,0.25,0.20320174779573374,0.6198537214138954
2026-08-27,0,5,full_displayed,0.0,142,22,0.15492957746478872,0.4282274144401103,0.06634509237804526,9.421003117682426,0.4090909090909091,0.02056421833793033,-0.060775306619384926
2026-08-27,0,5,full_displayed,0.2,142,22,0.15492957746478872,0.22822741444011016,0.03535917688508749,5.021003117682423,0.4090909090909091,0.02056421833793033,-0.060775306619384926
2026-08-27,0,5,full_displayed,0.5,142,22,0.15492957746478872,-0.0717725855598898,-0.011119696354349125,-1.5789968823175757,0.3181818181818182,0.02056421833793033,-0.060775306619384926
2026-08-27,0,5,full_displayed,1.0,142,22,0.15492957746478872,-0.5717725855598897,-0.08858448508674349,-12.578996882317576,0.2727272727272727,0.02056421833793033,-0.060775306619384926
2026-08-27,0,5,half_displayed,0.0,142,26,0.18309859154929578,0.4349797313114218,0.07964417615561245,11.309473014096968,0.46153846153846156,0.017400492439787203,-0.037241585997434205
2026-08-27,0,5,half_displayed,0.2,142,26,0.18309859154929578,0.23497973131142175,0.04302445784575328,6.109473014096966,0.4230769230769231,0.017400492439787203,-0.037241585997434205
2026-08-27,0,5,half_displayed,0.5,142,26,0.18309859154929578,-0.0650202686885782,-0.011905119619035445,-1.6905269859030332,0.34615384615384615,0.017400492439787203,-0.037241585997434205
2026-08-27,0,5,half_displayed,1.0,142,26,0.18309859154929578,-0.5650202686885782,-0.10345441539368334,-14.690526985903034,0.3076923076923077,0.017400492439787203,-0.037241585997434205
2026-08-27,0,5,touch,0.0,142,70,0.49295774647887325,0.5219918417484195,0.2573199219886575,36.53942892238936,0.5571428571428572,0.07098627387021836,0.28101064102341644
2026-08-27,0,5,touch,0.2,142,70,0.49295774647887325,0.3219918417484194,0.1587283726928828,22.53942892238936,0.5142857142857142,0.07098627387021836,0.28101064102341644
2026-08-27,0,5,touch,0.5,142,70,0.49295774647887325,0.02199184174841945,0.010841048749220854,1.5394289223893614,0.4,0.07098627387021836,0.28101064102341644
2026-08-27,0,5,touch,1.0,142,70,0.49295774647887325,-0.47800815825158055,-0.23563782449021575,-33.46057107761064,0.2571428571428571,0.07098627387021836,0.28101064102341644
2026-08-27,250,1,full_displayed,0.0,142,3,0.02112676056338028,1.1108589540622937,0.023468851142161132,3.332576862186881,1.0,0.1373553722904959,0.1784430362868299
2026-08-27,250,1,full_displayed,0.2,142,3,0.02112676056338028,0.9108589540622937,0.01924349902948508,2.732576862186881,1.0,0.1373553722904959,0.1784430362868299
2026-08-27,250,1,full_displayed,0.5,142,3,0.02112676056338028,0.6108589540622936,0.012905470860470994,1.832576862186881,0.6666666666666666,0.1373553722904959,0.1784430362868299
2026-08-27,250,1,full_displayed,1.0,142,3,0.02112676056338028,0.11085895406229367,0.002342090578780852,0.332576862186881,0.3333333333333333,0.1373553722904959,0.1784430362868299
2026-08-27,250,1,half_displayed,0.0,142,3,0.02112676056338028,1.1108589540622937,0.023468851142161132,3.332576862186881,1.0,0.1373553722904959,0.1784430362868299
2026-08-27,250,1,half_displayed,0.2,142,3,0.02112676056338028,0.9108589540622937,0.01924349902948508,2.732576862186881,1.0,0.1373553722904959,0.1784430362868299
2026-08-27,250,1,half_displayed,0.5,142,3,0.02112676056338028,0.6108589540622936,0.012905470860470994,1.832576862186881,0.6666666666666666,0.1373553722904959,0.1784430362868299
2026-08-27,250,1,half_displayed,1.0,142,3,0.02112676056338028,0.11085895406229367,0.002342090578780852,0.332576862186881,0.3333333333333333,0.1373553722904959,0.1784430362868299
2026-08-27,250,1,touch,0.0,142,15,0.1056338028169014,0.548223813725361,0.05791096623859447,8.223357205880415,0.6666666666666666,0.19435894087238784,0.6159300907492455
2026-08-27,250,1,touch,0.2,142,15,0.1056338028169014,0.34822381372536104,0.0367842056752142,5.223357205880416,0.6666666666666666,0.19435894087238784,0.6159300907492455
2026-08-27,250,1,touch,0.5,142,15,0.1056338028169014,0.048223813725361026,0.00509406483014377,0.7233572058804154,0.4666666666666667,0.19435894087238784,0.6159300907492455
2026-08-27,250,1,touch,1.0,142,15,0.1056338028169014,-0.451776186274639,-0.047722836578306935,-6.776642794119585,0.26666666666666666,0.19435894087238784,0.6159300907492455
2026-08-27,250,5,full_displayed,0.0,142,25,0.176056338028169,0.44422276094699625,0.07820823256109088,11.105569023674907,0.44,0.03950285640883309,-0.009915362311677035
2026-08-27,250,5,full_displayed,0.2,142,25,0.176056338028169,0.2442227609469962,0.04299696495545707,6.105569023674905,0.44,0.03950285640883309,-0.009915362311677035
2026-08-27,250,5,full_displayed,0.5,142,25,0.176056338028169,-0.05577723905300376,-0.00981993645299362,-1.394430976325094,0.32,0.03950285640883309,-0.009915362311677035
2026-08-27,250,5,full_displayed,1.0,142,25,0.176056338028169,-0.5557772390530037,-0.09784810546707812,-13.894430976325093,0.28,0.03950285640883309,-0.009915362311677035
2026-08-27,250,5,half_displayed,0.0,142,28,0.19718309859154928,0.39366353162633383,0.07762379496857287,11.022578885537348,0.4642857142857143,0.03527040750788669,-0.002969378686235
2026-08-27,250,5,half_displayed,0.2,142,28,0.19718309859154928,0.19366353162633376,0.038187175250262995,5.422578885537345,0.42857142857142855,0.03527040750788669,-0.002969378686235
2026-08-27,250,5,half_displayed,0.5,142,28,0.19718309859154928,-0.10633646837366621,-0.020967754327201788,-2.977421114462654,0.32142857142857145,0.03527040750788669,-0.002969378686235
2026-08-27,250,5,half_displayed,1.0,142,28,0.19718309859154928,-0.6063364683736662,-0.11955930362297644,-16.977421114462654,0.2857142857142857,0.03527040750788669,-0.002969378686235
2026-08-27,250,5,touch,0.0,142,69,0.4859154929577465,0.5527877648231028,0.2686081392450288,38.14235577279409,0.5797101449275363,0.054472538711668725,0.24139036677750164
2026-08-27,250,5,touch,0.2,142,69,0.4859154929577465,0.35278776482310287,0.17142504065347955,24.342355772794097,0.5362318840579711,0.054472538711668725,0.24139036677750164
2026-08-27,250,5,touch,0.5,142,69,0.4859154929577465,0.05278776482310278,0.025650392766155578,3.642355772794092,0.42028985507246375,0.054472538711668725,0.24139036677750164
2026-08-27,250,5,touch,1.0,142,69,0.4859154929577465,-0.44721223517689723,-0.21730735371271767,-30.85764422720591,0.2753623188405797,0.054472538711668725,0.24139036677750164
2026-08-27,1000,1,full_displayed,0.0,142,0,0.0,,0.0,0.0,,,
2026-08-27,1000,1,full_displayed,0.2,142,0,0.0,,0.0,0.0,,,
2026-08-27,1000,1,full_displayed,0.5,142,0,0.0,,0.0,0.0,,,
2026-08-27,1000,1,full_displayed,1.0,142,0,0.0,,0.0,0.0,,,
2026-08-27,1000,1,half_displayed,0.0,142,0,0.0,,0.0,0.0,,,
2026-08-27,1000,1,half_displayed,0.2,142,0,0.0,,0.0,0.0,,,
2026-08-27,1000,1,half_displayed,0.5,142,0,0.0,,0.0,0.0,,,
2026-08-27,1000,1,half_displayed,1.0,142,0,0.0,,0.0,0.0,,,
2026-08-27,1000,1,touch,0.0,142,0,0.0,,0.0,0.0,,,
2026-08-27,1000,1,touch,0.2,142,0,0.0,,0.0,0.0,,,
2026-08-27,1000,1,touch,0.5,142,0,0.0,,0.0,0.0,,,
2026-08-27,1000,1,touch,1.0,142,0,0.0,,0.0,0.0,,,
2026-08-27,1000,5,full_displayed,0.0,142,21,0.14788732394366197,0.46192267969568884,0.06831250896908074,9.700376273609466,0.42857142857142855,0.03520955972649825,0.06248477124157297
2026-08-27,1000,5,full_displayed,0.2,142,21,0.14788732394366197,0.2619226796956888,0.03873504418034834,5.500376273609464,0.38095238095238093,0.03520955972649825,0.06248477124157297
2026-08-27,1000,5,full_displayed,0.5,142,21,0.14788732394366197,-0.03807732030431119,-0.005631153002750247,-0.799623726390535,0.2857142857142857,0.03520955972649825,0.06248477124157297
2026-08-27,1000,5,full_displayed,1.0,142,21,0.14788732394366197,-0.5380773203043112,-0.07957481497458124,-11.299623726390536,0.2857142857142857,0.03520955972649825,0.06248477124157297
2026-08-27,1000,5,half_displayed,0.0,142,25,0.176056338028169,0.3534691924657023,0.06223049163128562,8.836729811642558,0.4,0.02957603017025853,0.009644815214107103
2026-08-27,1000,5,half_displayed,0.2,142,25,0.176056338028169,0.15346919246570223,0.0270192240256518,3.836729811642556,0.36,0.02957603017025853,0.009644815214107103
2026-08-27,1000,5,half_displayed,0.5,142,25,0.176056338028169,-0.1465308075342977,-0.02579767738279889,-3.663270188357443,0.28,0.02957603017025853,0.009644815214107103
2026-08-27,1000,5,half_displayed,1.0,142,25,0.176056338028169,-0.6465308075342978,-0.11382584639688341,-16.163270188357444,0.28,0.02957603017025853,0.009644815214107103
2026-08-27,1000,5,touch,0.0,142,66,0.4647887323943662,0.5366915205966278,0.2494481715449115,35.421640359377434,0.5303030303030303,0.01867833365913167,0.17699933857275674
2026-08-27,1000,5,touch,0.2,142,66,0.4647887323943662,0.33669152059662777,0.15649042506603825,22.22164035937743,0.48484848484848486,0.01867833365913167,0.17699933857275674
2026-08-27,1000,5,touch,0.5,142,66,0.4647887323943662,0.03669152059662777,0.017053805347728403,2.421640359377433,0.4090909090909091,0.01867833365913167,0.17699933857275674
2026-08-27,1000,5,touch,1.0,142,66,0.4647887323943662,-0.4633084794033722,-0.2153405608494547,-30.578359640622566,0.30303030303030304,0.01867833365913167,0.17699933857275674
