diagnostic,trading_date,horizon,target,median_base_skill,median_jepa_skill,median_base_plus_jepa_skill,median_incremental_jepa_skill,incremental_range,positive_seeds,median_incremental_r2,median_auc,median_balanced_accuracy
diagnostic_1,2026-08-26,300s,absolute_atm_iv_change,0.12613029448532298,0.059718014333915104,0.17333161240752404,0.04720131792220106,"[0.029526730422783642, 0.057110747638337234]",5,0.1564259104426562,,
diagnostic_1,2026-08-26,300s,absolute_atm_straddle_change,-0.015599854638168598,0.08174286662843733,0.1826571936685536,0.1982570483067222,"[0.16687712540254518, 0.22698645432940956]",5,0.6758548480491602,,
diagnostic_1,2026-08-26,300s,absolute_futures_return,-3.503607585509127,-0.10848183493314356,-4.714183834466576,-1.210576248957449,"[-1.6633560258759266, -0.35277682219088025]",0,-7.501795641007067,,
diagnostic_1,2026-08-26,300s,near_atm_spread_change,-0.3788279593517878,-0.20703289384910728,-0.2228705887205651,0.15595737063122272,"[-18.703537289060915, 0.21421026981775038]",3,0.31382070012503815,0.7639013870602092,0.6029220461427223
diagnostic_1,2026-08-26,300s,realized_futures_volatility,-6.476770550293314,-0.4508959197875415,-11.61370851197389,-5.136937961680576,"[-19.21187961907516, 1.2544059944152481]",2,-80.03402728824602,,
diagnostic_1,2026-08-26,300s,signed_atm_iv_change,-0.005698170832968641,0.0015811252866181347,0.029545817869123803,0.035243988702092444,"[0.029085533241897554, 0.0505670189417845]",5,0.05490195244387397,0.6917270159827077,0.5939563907164608
diagnostic_1,2026-08-26,300s,signed_atm_straddle_change,-0.25511928833050757,0.006661887792348553,-0.0016376808759064332,0.25348160745460113,"[0.22499355573318014, 0.26114332356667513]",5,0.5652364835226651,0.5602813098589867,0.5423083815523813
diagnostic_1,2026-08-26,300s,signed_futures_return,-0.5997454387911463,-0.06888079032446015,-0.0655271013384604,0.5342183374526859,"[0.41227780533534997, 0.6027681369610397]",5,0.8758554296774539,0.6479648165479608,0.5998294760552656
diagnostic_1,2026-08-26,300s,surface_displacement,0.12437596772234016,0.0518386265869748,-0.03323521496655113,-0.1576111826888913,"[-0.8821253486508662, -0.04864680073531069]",0,-0.41447813799816147,,
diagnostic_1,2026-08-26,30s,absolute_atm_iv_change,0.1905127368780407,0.04262595351422638,0.1675556869001169,-0.022957049977923805,"[-0.02761120818046403, -0.008509881483517945]",0,-0.08191576954044888,,
diagnostic_1,2026-08-26,30s,absolute_atm_straddle_change,-0.07195381139005108,-0.06953832447289443,-0.145334477745249,-0.07338066635519791,"[-0.24554560694707184, 0.09946590622728446]",2,-0.13022611792365613,,
diagnostic_1,2026-08-26,30s,absolute_futures_return,-0.2291405430489759,-0.2756760402232372,-0.2962048359169538,-0.06706429286797788,"[-0.3273522905982771, 0.12063500312493858]",2,-0.12919951012192432,,
diagnostic_1,2026-08-26,30s,near_atm_spread_change,0.17346675500974795,-0.07263024711615107,0.16697688346078077,-0.006489871548967185,"[-0.49171623275206167, 0.001539512256320874]",1,0.0025923340098416014,0.7576317574495606,0.6774983042291736
diagnostic_1,2026-08-26,30s,realized_futures_volatility,-0.5974132107628012,-0.018715080809226237,-0.4110807620267931,0.18633244873600807,"[0.022065652347158515, 0.3872494474671373]",5,0.4068918434429589,,
diagnostic_1,2026-08-26,30s,signed_atm_iv_change,0.05134946476982827,0.004461802252212377,0.061674392465738026,0.010324927695909758,"[0.005765955313722593, 0.012246713724719638]",5,0.013457591597844987,0.6773345259250672,0.6129262904165946
diagnostic_1,2026-08-26,30s,signed_atm_straddle_change,-0.3342668936937361,0.0001155371094360147,-0.04599756514944775,0.28826932854428833,"[0.2684990579114719, 0.30307875907132753]",5,0.4263191932647672,0.5065285399251244,0.5019429004248739
diagnostic_1,2026-08-26,30s,signed_futures_return,-3.0120901910905884,-0.09469533105684813,-1.8098429883531608,1.2022472027374276,"[0.25140953813247835, 1.422981420009727]",5,4.548275987821012,0.4950754575888279,0.5009260632373403
diagnostic_1,2026-08-26,30s,surface_displacement,-0.08920792166399427,0.016888501702150838,0.022479159131666315,0.11168708079566059,"[0.10243356171405926, 0.1359535624902014]",5,0.2850913979128802,,
diagnostic_1,2026-08-26,60s,absolute_atm_iv_change,0.18918687137651236,0.043456335147740166,0.1487714488219718,-0.04041542255454056,"[-0.04752455475857942, -0.02118309150942166]",0,-0.16299211484839038,,
diagnostic_1,2026-08-26,60s,absolute_atm_straddle_change,0.12248666938443564,0.002780385462401891,0.038331244913248574,-0.08415542447118707,"[-0.26350319732943384, -0.04510127591694435]",0,-0.1973112600717306,,
diagnostic_1,2026-08-26,60s,absolute_futures_return,-0.5531316117750269,-0.047860561993677164,-0.7519859611455963,-0.19885434937056945,"[-2.472897143350835, 0.06467472591532619]",2,-0.46973654275732746,,
diagnostic_1,2026-08-26,60s,near_atm_spread_change,0.2030049006700183,-0.10304531869387024,0.20728458493007185,0.00427968426005354,"[-1.579542521971726, 0.033195910004094054]",3,0.05284257971202455,0.7780475817438961,0.6968279100369442
diagnostic_1,2026-08-26,60s,realized_futures_volatility,-1.115888347844991,-0.1859647991040021,-0.45826744640645445,0.6576209014385366,"[0.17489945487233438, 0.8496263081602111]",5,1.7965617541225285,,
diagnostic_1,2026-08-26,60s,signed_atm_iv_change,0.07452552389352973,0.003984228749950858,0.06767401396098327,-0.006851509932546462,"[-0.08390676721388346, 0.018636137041350254]",1,-0.022965230995780628,0.6921780350832912,0.6274372160524988
diagnostic_1,2026-08-26,60s,signed_atm_straddle_change,-0.8883610981694094,-0.001945619904973217,-0.051085490391361565,0.8372756077780479,"[0.7673561278900485, 0.8623650231095576]",5,1.7435585798247526,0.5105095960954553,0.5189803818243349
diagnostic_1,2026-08-26,60s,signed_futures_return,-4.268997604436923,-0.013457474814269732,-17.62065817109755,-13.351660566660627,"[-20.315747724045856, 3.041386786189226]",1,-184.89247079812125,0.48473278825254007,0.5
diagnostic_1,2026-08-26,60s,surface_displacement,-0.07060685397559308,0.013024286432548604,-0.02521984390964427,0.04538701006594881,"[-0.12500866104524722, 0.04690459095427957]",4,0.045197842189609094,,
diagnostic_2,2026-08-27,300s,absolute_atm_iv_change,0.1182630485603331,0.057372486640897224,0.17428810402928718,0.05602505546895409,"[0.03748637237366814, 0.0667204168176383]",5,0.19295983012857132,,
diagnostic_2,2026-08-27,300s,absolute_atm_straddle_change,-0.06995949556720982,0.05824438253062958,0.11075266157871888,0.1807121571459287,"[0.15768628940349583, 0.22664359158237113]",5,0.43606365939523606,,
diagnostic_2,2026-08-27,300s,absolute_futures_return,-2.999326113571164,-0.04952781954929253,-4.98072123096017,-1.981395117389006,"[-2.5116081524474607, -0.7719916810648755]",0,-13.343344547210272,,
diagnostic_2,2026-08-27,300s,near_atm_spread_change,-0.6453596845426444,-0.0665766677313091,-0.5432410880351641,0.10211859650748023,"[-22.19151930139382, 0.23081691855770492]",3,0.23394001670425535,0.7434772669802256,0.5730946239821979
diagnostic_2,2026-08-27,300s,realized_futures_volatility,-4.1302461930776255,-0.031755534582759815,-8.55614954207857,-4.4259033490009445,"[-13.592539665047028, 0.3840562717769087]",2,-59.66147628083742,,
diagnostic_2,2026-08-27,300s,signed_atm_iv_change,0.0396088576488296,0.005123348478564105,0.06412334621468219,0.024514488565852588,"[0.01808949491009948, 0.04005651700779844]",5,0.03472983725833578,0.7263045623221778,0.6232761888426046
diagnostic_2,2026-08-27,300s,signed_atm_straddle_change,-0.08734449731388172,0.006592544496762498,0.04039240353177065,0.12773690084565237,"[0.11028553852519829, 0.135877484354185]",5,0.22459441663275892,0.6365714276451048,0.5888233122365006
diagnostic_2,2026-08-27,300s,signed_futures_return,-0.6602427152389865,-0.06841649580999176,-0.24517181411628552,0.41507090112270095,"[0.2630093818820456, 0.514600993208135]",5,1.1013558270691568,0.47733975793274985,0.48719374746328925
diagnostic_2,2026-08-27,300s,surface_displacement,0.06419688524172151,0.04615186542318406,-0.04479464641321007,-0.10899153165493158,"[-0.8690212021917766, -0.032242495659926984]",0,-0.2957496134667501,,
diagnostic_2,2026-08-27,30s,absolute_atm_iv_change,0.19453309243206562,0.03746095292477192,0.16884760475684768,-0.025685487675217944,"[-0.030592099600273426, -0.009753409732350726]",0,-0.0905758505436709,,
diagnostic_2,2026-08-27,30s,absolute_atm_straddle_change,-0.06734775002672144,-0.047324095992935966,-0.08198555964983933,-0.014637809623117892,"[-0.15656723417918172, 0.09546997945344937]",2,-0.018293694164538188,,
diagnostic_2,2026-08-27,30s,absolute_futures_return,-0.244145025579261,-0.3219391704154604,-0.38132541429416933,-0.13718038871490834,"[-0.45472180470705803, 0.03903964877889066]",1,-0.19809914757021185,,
diagnostic_2,2026-08-27,30s,near_atm_spread_change,0.16481793905250308,0.00858268359885117,0.15712043321847724,-0.007697505834025842,"[-1.0222892032171407, -0.0009538902410158867]",0,0.003348029719261514,0.7534643209736676,0.6791322406007736
diagnostic_2,2026-08-27,30s,realized_futures_volatility,-0.6233649288031506,-0.00017365825512638544,-0.5203240025161395,0.10304092628701111,"[-0.03614026534416803, 0.24097278344745643]",3,0.17585004666741622,,
diagnostic_2,2026-08-27,30s,signed_atm_iv_change,0.08138523026992162,0.004762021150722884,0.08883570261475782,0.007450472344836201,"[0.0035453430299918764, 0.009633827562449682]",5,0.007526551799231229,0.7176521940342463,0.6544326279866794
diagnostic_2,2026-08-27,30s,signed_atm_straddle_change,-0.22831582483117718,0.0004692766952765215,-0.043967722148554156,0.18434810268262303,"[0.18158016272433497, 0.19659520743355086]",5,0.1355207039107016,0.5549248492955241,0.5362936400908541
diagnostic_2,2026-08-27,30s,signed_futures_return,-2.8969206993788954,-0.04910252333017939,-1.6878866036939408,1.2090340956849546,"[0.29407892570507066, 1.4463849930710735]",5,4.5387113623693995,0.512165124347449,0.49897205891463764
diagnostic_2,2026-08-27,30s,surface_displacement,-0.12138007816571239,-4.307593179642133e-05,0.009796338857517184,0.13117641702322957,"[0.10548816351932522, 0.14614954861203477]",5,0.33780555192553696,,
diagnostic_2,2026-08-27,60s,absolute_atm_iv_change,0.19752736458808862,0.036961500632077815,0.14938723000791243,-0.048140134580176186,"[-0.05824325169011613, -0.02412821342512872]",0,-0.18397862879768323,,
diagnostic_2,2026-08-27,60s,absolute_atm_straddle_change,0.08835353135055202,-0.01242522073494845,0.06376735025649083,-0.024586181094061188,"[-0.11643697731025082, -0.01712990994593455]",0,-0.04612445139555987,,
diagnostic_2,2026-08-27,60s,absolute_futures_return,-0.5410630285827911,-0.025793785626903487,-0.9597459783390476,-0.41868294975625653,"[-3.7757622242858013, -0.04259987448358804]",0,-0.9364668468353878,,
diagnostic_2,2026-08-27,60s,near_atm_spread_change,0.1517920938813453,-0.0003007370086229866,0.16721965913752546,0.015427565256180165,"[-2.4264599432635845, 0.04473006647010491]",3,0.04729155102895277,0.7737336330584506,0.7021446246517435
diagnostic_2,2026-08-27,60s,realized_futures_volatility,-0.8480260249672458,-0.09827459404434857,-0.48575417671479637,0.3622718482524494,"[-0.013934686835210375, 0.4768624153871901]",4,0.9319391643875403,,
diagnostic_2,2026-08-27,60s,signed_atm_iv_change,0.10086934752608179,0.004519446826485862,0.08351988592719017,-0.017349461598891613,"[-0.20117138104472176, 0.03797208500715599]",1,-0.023997496016525566,0.7159076980209735,0.6536391174175447
diagnostic_2,2026-08-27,60s,signed_atm_straddle_change,-0.7157488687669171,-0.004811743951798286,-0.08131636487138927,0.6344325038955279,"[0.5788266952758936, 0.6544849889358084]",5,0.5815854134291976,0.540624620146998,0.5083151341539509
diagnostic_2,2026-08-27,60s,signed_futures_return,-6.405929034309747,-0.0014564459935373364,-19.60146186810176,-13.195532833792015,"[-18.106796793765238, 5.0242193890653875]",1,-208.13589236768954,0.5095944935701961,0.5
diagnostic_2,2026-08-27,60s,surface_displacement,-0.13715505851242016,0.004644330565388932,-0.07415950923915915,0.06299554927326101,"[-0.07485893181246417, 0.10399688766547865]",4,0.08442645424881268,,
