seed,diagnostic,horizon,target,base_skill,jepa_skill,base_plus_jepa_skill,incremental_jepa_skill,base_r2,base_plus_jepa_r2,incremental_r2,base_plus_jepa_auc,base_plus_jepa_balanced_accuracy
1,diagnostic_1,30s,signed_futures_return,-3.0120901910905884,-0.09469533105684813,-2.76068065295811,0.25140953813247835,-9.040211742280759,-7.987326852425504,1.052884889855255,0.49337004982125565,0.5004488330341114
1,diagnostic_1,30s,absolute_futures_return,-0.2291405430489759,-0.4627021584029023,-0.10850553992403733,0.12063500312493858,-0.2708541984545272,-0.20959250242272098,0.0612616960318062,,
1,diagnostic_1,30s,realized_futures_volatility,-0.5974132107628012,-0.016704542772431497,-0.21016376329566389,0.3872494474671373,-1.3054370394019061,-0.5249839442438853,0.7804530951580209,,
1,diagnostic_1,30s,signed_atm_straddle_change,-0.3342668936937361,-0.0003355083049034757,-0.0657678357822642,0.2684990579114719,-0.4561998132644123,-0.06197605965069641,0.39422375361371587,0.4976349871985546,0.4959891434274736
1,diagnostic_1,30s,absolute_atm_straddle_change,-0.07195381139005108,-0.17262522108202205,0.02751209483723338,0.09946590622728446,-0.602164849341789,-0.4481252382750254,0.15403961106676367,,
1,diagnostic_1,30s,near_atm_spread_change,0.17346675500974795,-0.07263024711615107,0.16697688346078077,-0.006489871548967185,0.32090251828845184,0.30076392096237203,-0.02013859732607981,0.7576317574495606,0.6774983042291736
1,diagnostic_1,30s,signed_atm_iv_change,0.05134946476982827,0.00936614267768443,0.059498365869076864,0.008148901099248596,0.12766044507197893,0.13775649173859472,0.010096046666615788,0.6767437513162285,0.6124242503117538
1,diagnostic_1,30s,absolute_atm_iv_change,0.1905127368780407,0.04465654398192376,0.16290152869757668,-0.02761120818046403,-0.810748215345539,-0.9105035318038512,-0.09975531645831226,,
1,diagnostic_1,30s,surface_displacement,-0.08920792166399427,-0.0688618182331906,0.01322564005006499,0.10243356171405926,-0.6939638892851054,-0.430031687767912,0.26393220151719343,,
1,diagnostic_1,60s,signed_futures_return,-4.268997604436923,-0.0053115189917574135,-24.58474532848278,-20.315747724045856,-18.21455844550589,-401.1498104677622,-382.93525202225635,0.5201325001263711,0.5
1,diagnostic_1,60s,absolute_futures_return,-0.5531316117750269,0.007717081753930932,-3.0260287551258616,-2.472897143350835,-0.9062663443677355,-10.926379170942687,-10.020112826574952,,
1,diagnostic_1,60s,realized_futures_volatility,-1.115888347844991,-0.1859647991040021,-0.2662620396847799,0.8496263081602111,-2.908956720486984,-0.6758438952849548,2.2331128252020296,,
1,diagnostic_1,60s,signed_atm_straddle_change,-0.8883610981694094,-0.001945619904973217,-0.05207351016552764,0.8362875880038818,-1.757446687919133,-0.030796316975904015,1.726650370943229,0.5086731284872571,0.5107486208743575
1,diagnostic_1,60s,absolute_atm_straddle_change,0.12248666938443564,-0.11942462161395073,0.05737410515660313,-0.06511256422783251,-0.38816114633336607,-0.5423376435706198,-0.15417649723725368,,
1,diagnostic_1,60s,near_atm_spread_change,0.2030049006700183,-0.10304531869387024,0.22492267921805265,0.02191777854803434,0.3459064314161113,0.40697821063219275,0.06107177921608142,0.7780475817438961,0.7021876999369668
1,diagnostic_1,60s,signed_atm_iv_change,0.07452552389352973,0.003984228749950858,0.06331727752903149,-0.011208246364498242,0.1652711003564824,0.14230586936070178,-0.022965230995780628,0.6921780350832912,0.6274372160524988
1,diagnostic_1,60s,absolute_atm_iv_change,0.18918687137651236,0.03807898526204856,0.15271756076237186,-0.03646931061414049,-0.8008217996497669,-0.9493819317911276,-0.14856013214136077,,
1,diagnostic_1,60s,surface_displacement,-0.07060685397559308,-0.06060092500086656,-0.02521984390964427,0.04538701006594881,-0.6316654664623691,-0.585552530246537,0.04611293621583212,,
1,diagnostic_1,300s,signed_futures_return,-0.5997454387911463,-0.33379366898592866,-0.020181858889123827,0.5795635799020225,-0.9913267394704428,-0.02795654771335121,0.9633701917570916,0.6479648165479608,0.6237599340111991
1,diagnostic_1,300s,absolute_futures_return,-3.503607585509127,0.017842671135585686,-3.8563844077000073,-0.35277682219088025,-11.555519905729273,-13.485857599043777,-1.9303376933145042,,
1,diagnostic_1,300s,realized_futures_volatility,-6.476770550293314,-0.2342925961303457,-12.230345987191134,-5.75357543689782,-40.55689736935779,-126.92184018755013,-86.36494281819233,,
1,diagnostic_1,300s,signed_atm_straddle_change,-0.25511928833050757,0.012013865719140093,-0.030125732597327426,0.22499355573318014,-0.5688893322951045,-0.07487384162556121,0.4940154906695433,0.5610976819016291,0.5310890403048851
1,diagnostic_1,300s,absolute_atm_straddle_change,-0.015599854638168598,0.06861126385135707,0.15190697456762103,0.16750682920578963,-1.2157157965506538,-0.6578954541956143,0.5578203423550394,,
1,diagnostic_1,300s,near_atm_spread_change,-0.3788279593517878,-0.20703289384910728,-0.18098389723698016,0.19784406211480765,-0.6125029704726055,-0.20199972100786234,0.41050324946474315,0.7748482064203237,0.608636210070316
1,diagnostic_1,300s,signed_atm_iv_change,-0.005698170832968641,0.004480708356623397,0.024864560635775246,0.030562731468743887,0.042604435612217495,0.08810871483956517,0.04550427922734768,0.6923738975402722,0.5882898660481848
1,diagnostic_1,300s,absolute_atm_iv_change,0.12613029448532298,0.06947196667635558,0.16377217025756263,0.03764187577223965,-0.9210074696001365,-0.7957557526170216,0.12525171698311488,,
1,diagnostic_1,300s,surface_displacement,0.12437596772234016,-0.09839021927103242,0.07572916698702947,-0.04864680073531069,-0.3242646127077704,-0.444529653468813,-0.12026504076104261,,
1,diagnostic_2,30s,signed_futures_return,-2.8969206993788954,-0.0338907352087523,-2.6028417736738247,0.29407892570507066,-9.104504757471586,-7.889796115757191,1.2147086417143953,0.5109778157107874,0.49897205891463764
1,diagnostic_2,30s,absolute_futures_return,-0.244145025579261,-0.3219391704154604,-0.20510537680037033,0.03903964877889066,-0.40745465905608724,-0.40439534555884205,0.0030593134972451974,,
1,diagnostic_2,30s,realized_futures_volatility,-0.6233649288031506,0.008194119113602683,-0.3823921453556942,0.24097278344745643,-1.3542506833445622,-1.0238774602476473,0.33037322309691497,,
1,diagnostic_2,30s,signed_atm_straddle_change,-0.22831582483117718,-0.00044607630263082676,-0.04673566210684221,0.18158016272433497,-0.08793318413626494,0.037748860070451085,0.12568204420671603,0.5522153892147407,0.5370570365956364
1,diagnostic_2,30s,absolute_atm_straddle_change,-0.06734775002672144,-0.10417669896894433,0.02812222942672793,0.09546997945344937,-0.28641572908866153,-0.214794882183023,0.07162084690563852,,
1,diagnostic_2,30s,near_atm_spread_change,0.16481793905250308,0.03661976664861377,0.15712043321847724,-0.007697505834025842,0.2880589672439615,0.27325824013110633,-0.014800727112855183,0.7527169954844871,0.6778123836729408
1,diagnostic_2,30s,signed_atm_iv_change,0.08138523026992162,0.011445926470249668,0.08623873901241674,0.004853508742495127,0.1812668992233566,0.18542223794492696,0.004155338721570367,0.7165081699822329,0.6501621577232142
1,diagnostic_2,30s,absolute_atm_iv_change,0.19453309243206562,0.03746095292477192,0.1639409928317922,-0.030592099600273426,-0.8752489644315176,-0.9848821187546528,-0.10963315432313525,,
1,diagnostic_2,30s,surface_displacement,-0.12138007816571239,-0.08137499316696983,-0.015891914646387173,0.10548816351932522,-0.7804242599424567,-0.5029236858469233,0.2775005740955334,,
1,diagnostic_2,60s,signed_futures_return,-6.405929034309747,-0.000974119952876551,-24.512725828074984,-18.106796793765238,-36.46048810432504,-386.7312356904824,-350.2707475861573,0.4919375373026398,0.49654310199076424
1,diagnostic_2,60s,absolute_futures_return,-0.5410630285827911,0.01721273970587245,-4.316825252868592,-3.7757622242858013,-1.0317765081840538,-17.224878565501992,-16.193102057317937,,
1,diagnostic_2,60s,realized_futures_volatility,-0.8480260249672458,-0.09827459404434857,-0.3711636095800557,0.4768624153871901,-2.2430573210550278,-1.0659100559875823,1.1771472650674455,,
1,diagnostic_2,60s,signed_atm_straddle_change,-0.7157488687669171,-0.004811743951798286,-0.08815322100615242,0.6275956477607647,-0.5782937582884171,-0.019399035973187706,0.5588947223152294,0.5349738255958121,0.5083151341539509
1,diagnostic_2,60s,absolute_atm_straddle_change,0.08835353135055202,-0.07983951852419358,0.06712285308630095,-0.02123067826425107,-0.2319092469804338,-0.2780336983759937,-0.04612445139555987,,
1,diagnostic_2,60s,near_atm_spread_change,0.1517920938813453,0.012013888441856357,0.1707294952054086,0.018937401324063297,0.27506119589269473,0.3223527469216475,0.04729155102895277,0.7737336330584506,0.7081244603693643
1,diagnostic_2,60s,signed_atm_iv_change,0.10086934752608179,0.004519446826485862,0.08351988592719017,-0.017349461598891613,0.20732781554288437,0.1833303195263588,-0.023997496016525566,0.7091998982189531,0.6536391174175447
1,diagnostic_2,60s,absolute_atm_iv_change,0.19752736458808862,0.03155565546364425,0.15254931519762216,-0.04497804939046646,-0.8015456034787578,-0.9742247501723669,-0.17267914669360906,,
1,diagnostic_2,60s,surface_displacement,-0.13715505851242016,-0.06927537085338331,-0.07415950923915915,0.06299554927326101,-0.7913166350122174,-0.7068901807634047,0.08442645424881268,,
1,diagnostic_2,300s,signed_futures_return,-0.6602427152389865,-0.48525061425560856,-0.16745775062451984,0.49278496461446664,-1.598299901780977,-0.3591539887378934,1.2391459130430835,0.469916431641499,0.4725711579889478
1,diagnostic_2,300s,absolute_futures_return,-2.999326113571164,0.07441139303496824,-3.7713177946360394,-0.7719916810648755,-11.166715541683406,-15.716683402868345,-4.549967861184939,,
1,diagnostic_2,300s,realized_futures_volatility,-4.1302461930776255,0.12064341013212343,-8.55614954207857,-4.4259033490009445,-24.721595383073936,-84.38307166391135,-59.66147628083742,,
1,diagnostic_2,300s,signed_atm_straddle_change,-0.08734449731388172,-0.01152377944510663,0.02294104121131657,0.11028553852519829,-0.12068400938986157,0.05923281648982526,0.17991682587968683,0.6112592811136405,0.5768367395322654
1,diagnostic_2,300s,absolute_atm_straddle_change,-0.06995949556720982,0.04396897832057278,0.09093850275402104,0.16089799832123086,-1.0019921529966171,-0.6243045763930057,0.3776875766036114,,
1,diagnostic_2,300s,near_atm_spread_change,-0.6453596845426444,-0.0665766677313091,-0.4196937844072113,0.22566590013543308,-1.1889488735063019,-0.6660025857426508,0.522946287763651,0.7565453901785262,0.585177969959035
1,diagnostic_2,300s,signed_atm_iv_change,0.0396088576488296,0.005123348478564105,0.059978340461852575,0.020369482813022977,0.11732624518959256,0.14431130361298317,0.026985058423390607,0.7249268888447487,0.6178558093078217
1,diagnostic_2,300s,absolute_atm_iv_change,0.1182630485603331,0.0634365368087112,0.16070012469218475,0.04243707613185166,-1.061441607974288,-0.9147332057541515,0.1467084022201366,,
1,diagnostic_2,300s,surface_displacement,0.06419688524172151,-0.09918178777492503,0.03195438958179453,-0.032242495659926984,-0.3309680609250769,-0.4129552838670336,-0.0819872229419567,,
7,diagnostic_1,30s,signed_futures_return,-3.0120901910905884,-0.09463339331108278,-1.8098429883531608,1.2022472027374276,-9.040211742280759,-4.487580742014103,4.552631000266656,0.494249573253653,0.5019183865359556
7,diagnostic_1,30s,absolute_futures_return,-0.2291405430489759,-0.2756760402232372,-0.556492833647253,-0.3273522905982771,-0.2708541984545272,-0.8645178270742229,-0.5936636286196957,,
7,diagnostic_1,30s,realized_futures_volatility,-0.5974132107628012,-0.27493478382320546,-0.5330054388473098,0.06440777191549141,-1.3054370394019061,-1.1918492782543018,0.11358776114760438,,
7,diagnostic_1,30s,signed_atm_straddle_change,-0.3342668936937361,-0.0019427255647856967,-0.05417788509962218,0.2800890085941139,-0.4561998132644123,-0.025818022311582922,0.43038179095282936,0.4944127312248754,0.49268956593434776
7,diagnostic_1,30s,absolute_atm_straddle_change,-0.07195381139005108,-0.06953832447289443,-0.28310622066518953,-0.21115240927513845,-0.602164849341789,-0.987910223046796,-0.38574537370500694,,
7,diagnostic_1,30s,near_atm_spread_change,0.17346675500974795,-0.3847210574508122,0.1733380825968608,-0.00012867241288716524,0.32090251828845184,0.3286856898039914,0.007783171515539533,0.7570867445932516,0.685735018061931
7,diagnostic_1,30s,signed_atm_iv_change,0.05134946476982827,0.004461802252212377,0.06184344651411233,0.010493981744284064,0.12766044507197893,0.14111803666982392,0.013457591597844987,0.6753145342385041,0.6129262904165946
7,diagnostic_1,30s,absolute_atm_iv_change,0.1905127368780407,0.041922968221242085,0.1675556869001169,-0.022957049977923805,-0.810748215345539,-0.8926639848859879,-0.08191576954044888,,
7,diagnostic_1,30s,surface_displacement,-0.08920792166399427,0.016888501702150838,0.02889904523666753,0.1181069669006618,-0.6939638892851054,-0.39860953863681403,0.2953543506482914,,
7,diagnostic_1,60s,signed_futures_return,-4.268997604436923,-0.013457474814269732,-17.62065817109755,-13.351660566660627,-18.21455844550589,-203.10702924362715,-184.89247079812125,0.4702119559722995,0.5
7,diagnostic_1,60s,absolute_futures_return,-0.5531316117750269,-0.21816799428901001,-1.1635468418004598,-0.6104152300254329,-0.9062663443677355,-2.4577863535073474,-1.551520009139612,,
7,diagnostic_1,60s,realized_futures_volatility,-1.115888347844991,-0.8580406888397865,-0.7459553679533995,0.3699329798915916,-2.908956720486984,-1.8435048025613443,1.0654519179256399,,
7,diagnostic_1,60s,signed_atm_straddle_change,-0.8883610981694094,-0.005399467642853484,-0.12100497027936097,0.7673561278900485,-1.757446687919133,-0.10376656199118894,1.6536801259279441,0.5018676276041276,0.5066422067272459
7,diagnostic_1,60s,absolute_atm_straddle_change,0.12248666938443564,0.002780385462401891,-0.1410165279449982,-0.26350319732943384,-0.38816114633336607,-0.976827920525607,-0.5886667741922409,,
7,diagnostic_1,60s,near_atm_spread_change,0.2030049006700183,-0.8823758720556225,0.16280208518564943,-0.04020281548436888,0.3459064314161113,0.3550516520490531,0.009145220632941764,0.7805681187957907,0.6776039830007723
7,diagnostic_1,60s,signed_atm_iv_change,0.07452552389352973,0.004414779777410449,0.09316166093487999,0.018636137041350254,0.1652711003564824,0.2079789489125039,0.0427078485560215,0.6939432420494699,0.6295226527006562
7,diagnostic_1,60s,absolute_atm_iv_change,0.18918687137651236,0.06802447379187704,0.14608631400614758,-0.04310055737036478,-0.8008217996497669,-0.9729738550932414,-0.17215205544347456,,
7,diagnostic_1,60s,surface_displacement,-0.07060685397559308,-0.009942966877773296,-0.1956155150208403,-0.12500866104524722,-0.6316654664623691,-1.0038151685651582,-0.3721497021027891,,
7,diagnostic_1,300s,signed_futures_return,-0.5997454387911463,-0.0418289584108853,0.003022698169893423,0.6027681369610397,-0.9913267394704428,0.029805699653936424,1.0211324391243792,0.6539823289605178,0.6265993559746831
7,diagnostic_1,300s,absolute_futures_return,-3.503607585509127,-0.33309436972962225,-5.029769088785925,-1.5261615032767981,-11.555519905729273,-20.999212877013317,-9.443692971284044,,
7,diagnostic_1,300s,realized_futures_volatility,-6.476770550293314,-1.8093240192611133,-5.938359592462824,0.5384109578304903,-40.55689736935779,-35.285249756849744,5.271647612508048,,
7,diagnostic_1,300s,signed_atm_straddle_change,-0.25511928833050757,0.006661887792348553,-0.0016376808759064332,0.25348160745460113,-0.5688893322951045,-0.0096555490887833,0.5592337832063212,0.5567083879240655,0.5423083815523813
7,diagnostic_1,300s,absolute_atm_straddle_change,-0.015599854638168598,0.16693993556223907,0.1826571936685536,0.1982570483067222,-1.2157157965506538,-0.5398609485014936,0.6758548480491602,,
7,diagnostic_1,300s,near_atm_spread_change,-0.3788279593517878,-0.5391927999803914,-0.2228705887205651,0.15595737063122272,-0.6125029704726055,-0.29868227034756734,0.31382070012503815,0.7639013870602092,0.6029220461427223
7,diagnostic_1,300s,signed_atm_iv_change,-0.005698170832968641,0.004864098790479443,0.029545817869123803,0.035243988702092444,0.042604435612217495,0.09750638805609146,0.05490195244387397,0.6925364068096117,0.5939563907164608
7,diagnostic_1,300s,absolute_atm_iv_change,0.12613029448532298,0.0661147418480712,0.1797665873017985,0.05363629281647553,-0.9210074696001365,-0.7441965553465122,0.17681091425362427,,
7,diagnostic_1,300s,surface_displacement,0.12437596772234016,0.1117492128645382,-0.7577493809285261,-0.8821253486508662,-0.3242646127077704,-3.2482600242409205,-2.9239954115331503,,
7,diagnostic_2,30s,signed_futures_return,-2.8969206993788954,-0.05293242116996755,-1.6878866036939408,1.2090340956849546,-9.104504757471586,-4.565793395102187,4.5387113623693995,0.5134575911125894,0.4992023470642133
7,diagnostic_2,30s,absolute_futures_return,-0.244145025579261,-0.39346174158571223,-0.698866830286319,-0.45472180470705803,-0.40745465905608724,-1.201102690378201,-0.7936480313221137,,
7,diagnostic_2,30s,realized_futures_volatility,-0.6233649288031506,-0.2502653947959459,-0.6360273703708188,-0.012662441567668159,-1.3542506833445622,-1.442986984536816,-0.08873630119225373,,
7,diagnostic_2,30s,signed_atm_straddle_change,-0.22831582483117718,-0.0005882948381119579,-0.045528446438300785,0.1827873783928764,-0.08793318413626494,0.04840526483168783,0.13633844896795277,0.552129104547445,0.5265995779748057
7,diagnostic_2,30s,absolute_atm_straddle_change,-0.06734775002672144,-0.047324095992935966,-0.13569612798793562,-0.06834837796121418,-0.28641572908866153,-0.3547669797249944,-0.06835125063633285,,
7,diagnostic_2,30s,near_atm_spread_change,0.16481793905250308,-0.289881465967057,0.15743678863584198,-0.0073811504166610975,0.2880589672439615,0.2931968722464251,0.005137905002463583,0.7534643209736676,0.683558030006312
7,diagnostic_2,30s,signed_atm_iv_change,0.08138523026992162,0.004762021150722884,0.08883570261475782,0.007450472344836201,0.1812668992233566,0.18879345102258782,0.007526551799231229,0.7169064343666767,0.6562303800684148
7,diagnostic_2,30s,absolute_atm_iv_change,0.19453309243206562,0.042654690803694884,0.16884760475684768,-0.025685487675217944,-0.8752489644315176,-0.9658248149751885,-0.0905758505436709,,
7,diagnostic_2,30s,surface_displacement,-0.12138007816571239,-4.307593179642133e-05,0.010770821665194608,0.132150899830907,-0.7804242599424567,-0.4426187080169197,0.33780555192553696,,
7,diagnostic_2,60s,signed_futures_return,-6.405929034309747,-0.004994337619300904,-19.775515146136133,-13.369586111826386,-36.46048810432504,-254.92571375110055,-218.4652256467755,0.5095944935701961,0.5
7,diagnostic_2,60s,absolute_futures_return,-0.5410630285827911,-0.15242270259579183,-1.3924880744656916,-0.8514250458829005,-1.0317765081840538,-3.1117922006926477,-2.080015692508594,,
7,diagnostic_2,60s,realized_futures_volatility,-0.8480260249672458,-0.5417553097006025,-0.6680903546840768,0.17993567028316892,-2.2430573210550278,-1.784719490543262,0.4583378305117658,,
7,diagnostic_2,60s,signed_atm_straddle_change,-0.7157488687669171,-0.005601977645927292,-0.13692217349102354,0.5788266952758936,-0.5782937582884171,-0.033579909433130606,0.5447138488552865,0.5337076489226356,0.5042690412712819
7,diagnostic_2,60s,absolute_atm_straddle_change,0.08835353135055202,-0.01242522073494845,-0.028083445959698805,-0.11643697731025082,-0.2319092469804338,-0.39111926534852715,-0.15921001836809334,,
7,diagnostic_2,60s,near_atm_spread_change,0.1517920938813453,-0.8098464272351269,0.08331403697808382,-0.06847805690326147,0.27506119589269473,0.20401366907022633,-0.0710475268224684,0.7710232408344723,0.6793458118998317
7,diagnostic_2,60s,signed_atm_iv_change,0.10086934752608179,0.005185643628717429,0.13884143253323777,0.03797208500715599,0.20732781554288437,0.265104840089477,0.057777024546592615,0.7296740296111648,0.6795049945933875
7,diagnostic_2,60s,absolute_atm_iv_change,0.19752736458808862,0.06212006406935766,0.1452852248968426,-0.052242139691246026,-0.8015456034787578,-0.9993579162995045,-0.19781231282074674,,
7,diagnostic_2,60s,surface_displacement,-0.13715505851242016,-0.0374034565572372,-0.21201399032488433,-0.07485893181246417,-0.7913166350122174,-1.0454722377257117,-0.25415560271349436,,
7,diagnostic_2,300s,signed_futures_return,-0.6602427152389865,-0.04900327734153698,-0.14564172203085146,0.514600993208135,-1.598299901780977,-0.30282914594881194,1.295470755832165,0.4826952096493875,0.48719374746328925
7,diagnostic_2,300s,absolute_futures_return,-2.999326113571164,-0.15443942694963697,-5.128481742877085,-2.129155629305921,-11.166715541683406,-25.62828559775829,-14.461570056074883,,
7,diagnostic_2,300s,realized_futures_volatility,-4.1302461930776255,-0.46285532115491157,-4.118714705908092,0.011531487169533783,-24.721595383073936,-24.878607455653768,-0.15701207257983185,,
7,diagnostic_2,300s,signed_atm_straddle_change,-0.08734449731388172,0.006775807722499305,0.036422903826213826,0.12376740114009555,-0.12068400938986157,0.10320443508256283,0.2238884444724244,0.6288940555888101,0.5749800102208258
7,diagnostic_2,300s,absolute_atm_straddle_change,-0.06995949556720982,0.05824438253062958,0.11075266157871888,0.1807121571459287,-1.0019921529966171,-0.5659284936013811,0.43606365939523606,,
7,diagnostic_2,300s,near_atm_spread_change,-0.6453596845426444,-0.5392134846529477,-0.5432410880351641,0.10211859650748023,-1.1889488735063019,-0.9550088568020465,0.23394001670425535,0.7434772669802256,0.5730946239821979
7,diagnostic_2,300s,signed_atm_iv_change,0.0396088576488296,0.007437995905533068,0.06412334621468219,0.024514488565852588,0.11732624518959256,0.15205608244792834,0.03472983725833578,0.7281181316069567,0.6232761888426046
7,diagnostic_2,300s,absolute_atm_iv_change,0.1182630485603331,0.06090680747004906,0.17428810402928718,0.05602505546895409,-1.061441607974288,-0.8684817778457168,0.19295983012857132,,
7,diagnostic_2,300s,surface_displacement,0.06419688524172151,0.09661845963524551,-0.8048243169500551,-0.8690212021917766,-0.3309680609250769,-3.2428475212674828,-2.911879460342406,,
23,diagnostic_1,30s,signed_futures_return,-3.0120901910905884,-0.11432944248116961,-1.5891087710808613,1.422981420009727,-9.040211742280759,-3.7471470647942544,5.293064677486504,0.495561364704843,0.5032175570230932
23,diagnostic_1,30s,absolute_futures_return,-0.2291405430489759,-0.004520041973661959,-0.4427712911819526,-0.21363074813297667,-0.2708541984545272,-0.6161504746799329,-0.3452962762254057,,
23,diagnostic_1,30s,realized_futures_volatility,-0.5974132107628012,0.016643315362906863,-0.5753475584156427,0.022065652347158515,-1.3054370394019061,-1.2340646388460068,0.07137240055589933,,
23,diagnostic_1,30s,signed_atm_straddle_change,-0.3342668936937361,0.0001155371094360147,-0.04599756514944775,0.28826932854428833,-0.4561998132644123,-0.03916252774004314,0.41703728552436914,0.5122692682464978,0.5022971592231554
23,diagnostic_1,30s,absolute_atm_straddle_change,-0.07195381139005108,0.021878200063427555,-0.145334477745249,-0.07338066635519791,-0.602164849341789,-0.7323909672654452,-0.13022611792365613,,
23,diagnostic_1,30s,near_atm_spread_change,0.17346675500974795,0.006212227589689312,-0.3182494777423137,-0.49171623275206167,0.32090251828845184,-0.7364830382663692,-1.057385556554821,0.6796373416623287,0.6345921473979776
23,diagnostic_1,30s,signed_atm_iv_change,0.05134946476982827,0.005793239207840251,0.05711542008355086,0.005765955313722593,0.12766044507197893,0.13510926001235468,0.0074488149403757475,0.6776445051256995,0.6043703123533416
23,diagnostic_1,30s,absolute_atm_iv_change,0.1905127368780407,0.034516007361318435,0.17653007830821843,-0.013982658569822282,-0.810748215345539,-0.8620072314808802,-0.05125901613534123,,
23,diagnostic_1,30s,surface_displacement,-0.08920792166399427,0.02845014796479306,0.022479159131666315,0.11168708079566059,-0.6939638892851054,-0.40887249137222526,0.2850913979128802,,
23,diagnostic_1,60s,signed_futures_return,-4.268997604436923,-0.01803375637528326,-7.006852387735821,-2.7378547832988973,-18.21455844550589,-43.6390740350636,-25.42451558955771,0.48473278825254007,0.4916247535763029
23,diagnostic_1,60s,absolute_futures_return,-0.5531316117750269,0.020162502783856562,-0.7519859611455963,-0.19885434937056945,-0.9062663443677355,-1.376002887125063,-0.46973654275732746,,
23,diagnostic_1,60s,realized_futures_volatility,-1.115888347844991,0.033084131500133784,-0.9409888929726566,0.17489945487233438,-2.908956720486984,-2.39552394471614,0.5134327757708443,,
23,diagnostic_1,60s,signed_atm_straddle_change,-0.8883610981694094,-0.0011973564390532765,-0.025996075059851798,0.8623650231095576,-1.757446687919133,0.008116883103195138,1.7655635710223283,0.5216443642611412,0.5189803818243349
23,diagnostic_1,60s,absolute_atm_straddle_change,0.12248666938443564,0.041834854627042284,0.07738539346749129,-0.04510127591694435,-0.38816114633336607,-0.5045943538807109,-0.11643320754734487,,
23,diagnostic_1,60s,near_atm_spread_change,0.2030049006700183,-0.0026133817284477168,-1.3765376213017078,-1.579542521971726,0.3459064314161113,-3.479109132285676,-3.825015563701787,0.6787368440982748,0.5308172141241587
23,diagnostic_1,60s,signed_atm_iv_change,0.07452552389352973,0.0023381898828601644,0.06767401396098327,-0.006851509932546462,0.1652711003564824,0.11919706795374518,-0.04607403240273722,0.6909436521958606,0.523413048965169
23,diagnostic_1,60s,absolute_atm_iv_change,0.18918687137651236,0.04166447716503241,0.1487714488219718,-0.04041542255454056,-0.8008217996497669,-0.9638139144981572,-0.16299211484839038,,
23,diagnostic_1,60s,surface_displacement,-0.07060685397559308,0.013024286432548604,-0.035542038819191824,0.03506481515640125,-0.6316654664623691,-0.6388216080102687,-0.007156141547899564,,
23,diagnostic_1,300s,signed_futures_return,-0.5997454387911463,-0.02173180664132235,-0.0655271013384604,0.5342183374526859,-0.9913267394704428,-0.11547130979298892,0.8758554296774539,0.6465451055662188,0.5998294760552656
23,diagnostic_1,300s,absolute_futures_return,-3.503607585509127,0.02715039595079327,-5.166963611385054,-1.6633560258759266,-11.555519905729273,-22.157746236090553,-10.60222633036128,,
23,diagnostic_1,300s,realized_futures_volatility,-6.476770550293314,-0.4508959197875415,-25.688650169368472,-19.21187961907516,-40.55689736935779,-522.7865750942393,-482.2296777248815,,
23,diagnostic_1,300s,signed_atm_straddle_change,-0.25511928833050757,0.007576626353427152,-0.0016877100535817036,0.25343157827692586,-0.5688893322951045,-0.003652848772439432,0.5652364835226651,0.5501455531617492,0.5341362982903974
23,diagnostic_1,300s,absolute_atm_straddle_change,-0.015599854638168598,0.08174286662843733,0.21138659969124096,0.22698645432940956,-1.2157157965506538,-0.42240127269422123,0.7933145238564325,,
23,diagnostic_1,300s,near_atm_spread_change,-0.3788279593517878,0.0010862038797968543,-19.082365248412703,-18.703537289060915,-0.6125029704726055,-253.3299032872109,-252.7174003167383,0.5905843776542169,0.5
23,diagnostic_1,300s,signed_atm_iv_change,-0.005698170832968641,0.0015811252866181347,0.023387362408928913,0.029085533241897554,0.042604435612217495,0.08652796437722476,0.04392352876500727,0.6864202205708336,0.5891529007115697
23,diagnostic_1,300s,absolute_atm_iv_change,0.12613029448532298,0.03556647705351501,0.1832410421236602,0.057110747638337234,-0.9210074696001365,-0.7304425689920326,0.19056490060810383,,
23,diagnostic_1,300s,surface_displacement,0.12437596772234016,0.0518386265869748,-0.02071759036150911,-0.14509355808384927,-0.3242646127077704,-0.7202923368720866,-0.3960277241643162,,
23,diagnostic_2,30s,signed_futures_return,-2.8969206993788954,-0.0551989509732036,-1.450535706307822,1.4463849930710735,-9.104504757471586,-3.6629502282890405,5.441554529182546,0.5142095940081062,0.5040691712235189
23,diagnostic_2,30s,absolute_futures_return,-0.244145025579261,0.004905459825152336,-0.532257593876543,-0.28811256829728205,-0.40745465905608724,-0.8436359472330381,-0.4361812881769509,,
23,diagnostic_2,30s,realized_futures_volatility,-0.6233649288031506,0.029133726997635834,-0.6595051941473187,-0.03614026534416803,-1.3542506833445622,-1.426306639383475,-0.07205595603891268,,
23,diagnostic_2,30s,signed_atm_straddle_change,-0.22831582483117718,0.0006889702349371918,-0.043967722148554156,0.18434810268262303,-0.08793318413626494,0.03811445549963666,0.1260476396359016,0.5549248492955241,0.5386148191688073
23,diagnostic_2,30s,absolute_atm_straddle_change,-0.06734775002672144,0.009841858496654643,-0.08198555964983933,-0.014637809623117892,-0.28641572908866153,-0.3047094232531997,-0.018293694164538188,,
23,diagnostic_2,30s,near_atm_spread_change,0.16481793905250308,0.00858268359885117,-0.8574712641646376,-1.0222892032171407,0.2880589672439615,-2.1931930175508363,-2.481251984794798,0.6752437810542671,0.5904624961561493
23,diagnostic_2,30s,signed_atm_iv_change,0.08138523026992162,0.007956089549135736,0.08493057329991349,0.0035453430299918764,0.1812668992233566,0.18482275356265032,0.003555854339293729,0.7176521940342463,0.642745115648372
23,diagnostic_2,30s,absolute_atm_iv_change,0.19453309243206562,0.029521179909884676,0.17907741759346796,-0.015455674838597666,-0.8752489644315176,-0.9308587253052989,-0.05560976087378133,,
23,diagnostic_2,30s,surface_displacement,-0.12138007816571239,0.03310854409567454,-0.005800770583506365,0.11557930758220603,-0.7804242599424567,-0.47600915996817106,0.3044150999742856,,
23,diagnostic_2,60s,signed_futures_return,-6.405929034309747,0.003594031762386485,-9.073494320571651,-2.6675652862619046,-36.46048810432504,-68.16635010179304,-31.705861997468006,0.5098153048274963,0.48796049026617533
23,diagnostic_2,60s,absolute_futures_return,-0.5410630285827911,0.02139398750331123,-0.9597459783390476,-0.41868294975625653,-1.0317765081840538,-1.9682433550194416,-0.9364668468353878,,
23,diagnostic_2,60s,realized_futures_volatility,-0.8480260249672458,0.057237378375720405,-0.8619607118024561,-0.013934686835210375,-2.2430573210550278,-2.3090107460579876,-0.06595342500295986,,
23,diagnostic_2,60s,signed_atm_straddle_change,-0.7157488687669171,-0.0018101462858364226,-0.0612638798311087,0.6544849889358084,-0.5782937582884171,0.0034347941785842773,0.5817285524670014,0.5416527556056173,0.5280219078952699
23,diagnostic_2,60s,absolute_atm_straddle_change,0.08835353135055202,0.023886497435545606,0.07122362140461747,-0.01712990994593455,-0.2319092469804338,-0.26472264931108036,-0.03281340233064656,,
23,diagnostic_2,60s,near_atm_spread_change,0.1517920938813453,-0.0003007370086229866,-2.274667849382239,-2.4264599432635845,0.27506119589269473,-7.516256551292578,-7.791317747185273,0.6313247542682912,0.5176196735876951
23,diagnostic_2,60s,signed_atm_iv_change,0.10086934752608179,0.003501577035950665,0.05091786869144177,-0.04995147883464002,0.20732781554288437,0.07465771432205959,-0.1326701012208248,0.7329256832497766,0.5248754739635101
23,diagnostic_2,60s,absolute_atm_iv_change,0.19752736458808862,0.036961500632077815,0.14938723000791243,-0.048140134580176186,-0.8015456034787578,-0.985524232276441,-0.18397862879768323,,
23,diagnostic_2,60s,surface_displacement,-0.13715505851242016,0.010698971827815429,-0.09463283957359625,0.04252221893882391,-0.7913166350122174,-0.7814639977088091,0.00985263730340824,,
23,diagnostic_2,300s,signed_futures_return,-0.6602427152389865,-0.06841649580999176,-0.24517181411628552,0.41507090112270095,-1.598299901780977,-0.4969440747118201,1.1013558270691568,0.47733975793274985,0.47951971609653554
23,diagnostic_2,300s,absolute_futures_return,-2.999326113571164,0.0756497778552796,-5.510934266018625,-2.5116081524474607,-11.166715541683406,-29.122582952463507,-17.9558674107801,,
23,diagnostic_2,300s,realized_futures_volatility,-4.1302461930776255,0.04668317265143074,-17.722785858124652,-13.592539665047028,-24.721595383073936,-336.1543007182528,-311.43270533517887,,
23,diagnostic_2,300s,signed_atm_straddle_change,-0.08734449731388172,0.006145352116328273,0.04039240353177065,0.12773690084565237,-0.12068400938986157,0.10391040724289735,0.22459441663275892,0.6365714276451048,0.5888233122365006
23,diagnostic_2,300s,absolute_atm_straddle_change,-0.06995949556720982,0.05863826425576646,0.1566840960151613,0.22664359158237113,-1.0019921529966171,-0.4259006168841575,0.5760915361124597,,
23,diagnostic_2,300s,near_atm_spread_change,-0.6453596845426444,0.007271348522846055,-22.836878985936465,-22.19151930139382,-1.1889488735063019,-353.9981213101879,-352.8091724366816,0.5736780458200577,0.5
23,diagnostic_2,300s,signed_atm_iv_change,0.0396088576488296,0.0046633952754235874,0.05769835255892908,0.01808949491009948,0.11732624518959256,0.1412990387437224,0.023972793554129845,0.7248122007135341,0.6173954386082726
23,diagnostic_2,300s,absolute_atm_iv_change,0.1182630485603331,0.03601228548245938,0.1849834653779714,0.0667204168176383,-1.061441607974288,-0.8301616724220324,0.23127993555225568,,
23,diagnostic_2,300s,surface_displacement,0.06419688524172151,0.04615186542318406,-0.04479464641321007,-0.10899153165493158,-0.3309680609250769,-0.626717674391827,-0.2957496134667501,,
42,diagnostic_1,30s,signed_futures_return,-3.0120901910905884,-0.011332839425724606,-2.5959665668681806,0.4161236242224078,-9.040211742280759,-7.370978634354106,1.6692331079266527,0.49910627798304374,0.5009260632373403
42,diagnostic_1,30s,absolute_futures_return,-0.2291405430489759,0.01239262016547149,-0.18436986009779455,0.04477068295118136,-0.2708541984545272,-0.27736699472785054,-0.006512796273323351,,
42,diagnostic_1,30s,realized_futures_volatility,-0.5974132107628012,-0.018715080809226237,-0.2842427487022672,0.313170462060534,-1.3054370394019061,-0.6317565814103949,0.6736804579915112,,
42,diagnostic_1,30s,signed_atm_straddle_change,-0.3342668936937361,0.0010331946972111927,-0.031188134622408548,0.30307875907132753,-0.4561998132644123,-0.003833336763263917,0.45236647650114836,0.5152564036814511,0.5144279588302358
42,diagnostic_1,30s,absolute_atm_straddle_change,-0.07195381139005108,-0.1460621948282026,0.016916189388396896,0.08887000077844798,-0.602164849341789,-0.4644355475142745,0.13772930182751453,,
42,diagnostic_1,30s,near_atm_spread_change,0.17346675500974795,-0.6159705578953865,0.17500626726606883,0.001539512256320874,0.32090251828845184,0.32349485229829344,0.0025923340098416014,0.7598725411323016,0.6783012319972237
42,diagnostic_1,30s,signed_atm_iv_change,0.05134946476982827,0.0035183960879470177,0.0635961784945479,0.012246713724719638,0.12766044507197893,0.14485825259773843,0.0171978075257595,0.6796155942411701,0.6214160133835294
42,diagnostic_1,30s,absolute_atm_iv_change,0.1905127368780407,0.04262595351422638,0.16588673149801847,-0.024626005380022242,-0.810748215345539,-0.8987760110923788,-0.08802779574683983,,
42,diagnostic_1,30s,surface_displacement,-0.08920792166399427,-0.0092582502296783,0.015512638109337451,0.10472055977333172,-0.6939638892851054,-0.4185444607490243,0.27541942853608115,,
42,diagnostic_1,60s,signed_futures_return,-4.268997604436923,-0.0012770967254485122,-18.61565445603988,-14.346656851602958,-18.21455844550589,-221.4607538207889,-203.246195375283,0.48279299145731186,0.5
42,diagnostic_1,60s,absolute_futures_return,-0.5531316117750269,-0.047860561993677164,-0.48910875896008665,0.06402285281494025,-0.9062663443677355,-0.8341450693834758,0.07212127498425969,,
42,diagnostic_1,60s,realized_futures_volatility,-1.115888347844991,-0.01744543391132547,-0.3638703669926937,0.7520179808522973,-2.908956720486984,-0.8930335415830073,2.015923178903977,,
42,diagnostic_1,60s,signed_atm_straddle_change,-0.8883610981694094,-0.01239242294334586,-0.051085490391361565,0.8372756077780479,-1.757446687919133,-0.011445778845168064,1.746000909073965,0.5196177812347405,0.5207821395636496
42,diagnostic_1,60s,absolute_atm_straddle_change,0.12248666938443564,-0.1947005634239325,0.038331244913248574,-0.08415542447118707,-0.38816114633336607,-0.5854724064050967,-0.1973112600717306,,
42,diagnostic_1,60s,near_atm_spread_change,0.2030049006700183,-0.46863623278847033,0.23620081067411236,0.033195910004094054,0.3459064314161113,0.41152445669904847,0.06561802528293714,0.7856131374020087,0.7059132824808081
42,diagnostic_1,60s,signed_atm_iv_change,0.07452552389352973,0.006744219173438704,0.06957130166620096,-0.004954222227328775,0.1652711003564824,0.15154471785634915,-0.01372638250013325,0.6964096415951541,0.6455041645633518
42,diagnostic_1,60s,absolute_atm_iv_change,0.18918687137651236,0.043456335147740166,0.1680037798670907,-0.02118309150942166,-0.8008217996497669,-0.8842748507752671,-0.08345305112550028,,
42,diagnostic_1,60s,surface_displacement,-0.07060685397559308,0.05700530830038808,-0.02386815118262864,0.04673870279296444,-0.6316654664623691,-0.5706603861590438,0.0610050803033253,,
42,diagnostic_1,300s,signed_futures_return,-0.5997454387911463,-0.27964350892821344,-0.1874676334557963,0.41227780533534997,-0.9913267394704428,-0.3435978200755747,0.6477289193948681,0.6432639076156788,0.5551474437270982
42,diagnostic_1,300s,absolute_futures_return,-3.503607585509127,-0.10848183493314356,-4.311597207140398,-0.807989621631271,-11.555519905729273,-16.3956463387666,-4.840126433037327,,
42,diagnostic_1,300s,realized_futures_volatility,-6.476770550293314,-0.399749648046132,-11.61370851197389,-5.136937961680576,-40.55689736935779,-120.59092465760381,-80.03402728824602,,
42,diagnostic_1,300s,signed_atm_straddle_change,-0.25511928833050757,-0.01331146670354233,0.006024035236167569,0.26114332356667513,-0.5688893322951045,0.010347501170446138,0.5792368334655507,0.5602813098589867,0.5460107283233311
42,diagnostic_1,300s,absolute_atm_straddle_change,-0.015599854638168598,0.06794838859071106,0.192542127703079,0.2081419823412476,-1.2157157965506538,-0.4976613022396785,0.7180544943109752,,
42,diagnostic_1,300s,near_atm_spread_change,-0.3788279593517878,-0.41286267216630246,-0.4998549658868927,-0.1210270065351049,-0.6125029704726055,-0.9079600673383019,-0.29545709686569643,0.7437972233536357,0.571957892476785
42,diagnostic_1,300s,signed_atm_iv_change,-0.005698170832968641,-0.0028770212549584784,0.04486884810881586,0.0505670189417845,0.042604435612217495,0.12325152274058371,0.08064708712836621,0.6917270159827077,0.6039128445433174
42,diagnostic_1,300s,absolute_atm_iv_change,0.12613029448532298,0.059718014333915104,0.17333161240752404,0.04720131792220106,-0.9210074696001365,-0.7645815591574803,0.1564259104426562,,
42,diagnostic_1,300s,surface_displacement,0.12437596772234016,0.12862975880167926,-0.07578252983972833,-0.2001584975620685,-0.3242646127077704,-0.8585796832866766,-0.5343150705789061,,
42,diagnostic_2,30s,signed_futures_return,-2.8969206993788954,-0.0012834663139686953,-2.4961746900952004,0.40074600928369497,-9.104504757471586,-7.451640405242058,1.6528643522295283,0.5098029385583065,0.49892885441223944
42,diagnostic_2,30s,absolute_futures_return,-0.244145025579261,-0.014046652341038524,-0.31061067783798557,-0.06646565225872458,-0.40745465905608724,-0.5138775120880041,-0.1064228530319169,,
42,diagnostic_2,30s,realized_futures_volatility,-0.6233649288031506,-0.00017365825512638544,-0.45338775335981785,0.1699771754433328,-1.3542506833445622,-1.0183427389756599,0.33590794436890237,,
42,diagnostic_2,30s,signed_atm_straddle_change,-0.22831582483117718,0.0004692766952765215,-0.03172061739762633,0.19659520743355086,-0.08793318413626494,0.05590563969498452,0.14383882383124946,0.5566971282599299,0.5362936400908541
42,diagnostic_2,30s,absolute_atm_straddle_change,-0.06734775002672144,-0.08976869016425448,0.02045910110467508,0.08780685113139652,-0.28641572908866153,-0.21364789470666,0.07276783438200152,,
42,diagnostic_2,30s,near_atm_spread_change,0.16481793905250308,-0.5702366835303068,0.1638640488114872,-0.0009538902410158867,0.2880589672439615,0.29140699696322303,0.003348029719261514,0.7537855859646851,0.67977982828103
42,diagnostic_2,30s,signed_atm_iv_change,0.08138523026992162,0.0043006495319724,0.0910190578323713,0.009633827562449682,0.1812668992233566,0.19296780609849518,0.011700906875138584,0.7199204199393521,0.6575791997980562
42,diagnostic_2,30s,absolute_atm_iv_change,0.19453309243206562,0.03352955348572406,0.16748456196291595,-0.02704853046914968,-0.8752489644315176,-0.9712258062061578,-0.09597684177464028,,
42,diagnostic_2,30s,surface_displacement,-0.12138007816571239,-0.02981142895782618,0.009796338857517184,0.13117641702322957,-0.7804242599424567,-0.4181453004603233,0.3622789594821334,,
42,diagnostic_2,60s,signed_futures_return,-6.405929034309747,-0.0014564459935373364,-19.60146186810176,-13.195532833792015,-36.46048810432504,-244.59638047201457,-208.13589236768954,0.5102567236416746,0.5
42,diagnostic_2,60s,absolute_futures_return,-0.5410630285827911,-0.025793785626903487,-0.6893414525315757,-0.14827842394878465,-1.0317765081840538,-1.3308226316578793,-0.29904612347382553,,
42,diagnostic_2,60s,realized_futures_volatility,-0.8480260249672458,0.02164659025329474,-0.46445054757360804,0.38357547739363773,-2.2430573210550278,-1.221363510652456,1.0216938104025717,,
42,diagnostic_2,60s,signed_atm_straddle_change,-0.7157488687669171,-0.012724378245516421,-0.08131636487138927,0.6344325038955279,-0.5782937582884171,0.0032916551407804473,0.5815854134291976,0.540624620146998,0.5074400541315851
42,diagnostic_2,60s,absolute_atm_straddle_change,0.08835353135055202,-0.10694174526195543,0.06376735025649083,-0.024586181094061188,-0.2319092469804338,-0.26776944384814705,-0.035860196867713245,,
42,diagnostic_2,60s,near_atm_spread_change,0.1517920938813453,-0.5007056728231336,0.1965221603514502,0.04473006647010491,0.27506119589269473,0.36313454689549496,0.08807335100280023,0.7784352471558886,0.7044083422951467
42,diagnostic_2,60s,signed_atm_iv_change,0.10086934752608179,0.008699792491460134,0.08944823131267987,-0.011421116213401916,0.20732781554288437,0.1917234128218197,-0.01560440272106467,0.7134918140287131,0.6689606844411327
42,diagnostic_2,60s,absolute_atm_iv_change,0.19752736458808862,0.036023856992212666,0.1733991511629599,-0.02412821342512872,-0.8015456034787578,-0.8933452559992936,-0.09179965252053579,,
42,diagnostic_2,60s,surface_displacement,-0.13715505851242016,0.03614540679480738,-0.033158170846941504,0.10399688766547865,-0.7913166350122174,-0.587417571168563,0.20389906384365442,,
42,diagnostic_2,300s,signed_futures_return,-0.6602427152389865,-0.30805018603623613,-0.3387333836130999,0.3215093316258866,-1.598299901780977,-0.7200116762304145,0.8782882255505624,0.48309921010729634,0.48996971557618463
42,diagnostic_2,300s,absolute_futures_return,-2.999326113571164,-0.04952781954929253,-4.647493994245107,-1.6481678806739426,-11.166715541683406,-22.06871407792589,-10.901998536242484,,
42,diagnostic_2,300s,realized_futures_volatility,-4.1302461930776255,-0.031755534582759815,-9.053166266730548,-4.922920073652922,-24.721595383073936,-96.13057889986472,-71.40898351679078,,
42,diagnostic_2,300s,signed_atm_straddle_change,-0.08734449731388172,0.01420165478597768,0.04318088368590334,0.13052538099978506,-0.12068400938986157,0.1156341848113821,0.23631819420124367,0.6501922382514201,0.6034602277355603
42,diagnostic_2,300s,absolute_atm_straddle_change,-0.06995949556720982,0.04163932567652484,0.15282301142299048,0.2227825069902003,-1.0019921529966171,-0.43809477831368415,0.563897374682933,,
42,diagnostic_2,300s,near_atm_spread_change,-0.6453596845426444,-0.4775348094299239,-0.8367445900642183,-0.19138490552157394,-1.1889488735063019,-1.6886878044888842,-0.4997389309825824,0.7289983310575027,0.5507057098063015
42,diagnostic_2,300s,signed_atm_iv_change,0.0396088576488296,0.007276438902320992,0.07966537465662804,0.04005651700779844,0.11732624518959256,0.1764015269842646,0.05907528179467203,0.7297506675981957,0.6317123403215557
42,diagnostic_2,300s,absolute_atm_iv_change,0.1182630485603331,0.057372486640897224,0.18039714891665115,0.062134100356318056,-1.061441607974288,-0.8461985334405555,0.2152430745337326,,
42,diagnostic_2,300s,surface_displacement,0.06419688524172151,0.10970432075153458,-0.10987206478129496,-0.17406895002301648,-0.3309680609250769,-0.7923219493991829,-0.46135388847410597,,
101,diagnostic_1,30s,signed_futures_return,-3.0120901910905884,-0.09696075071942079,-1.8041780276044461,1.2079121634861423,-9.040211742280759,-4.491935754459747,4.548275987821012,0.4950754575888279,0.5006570789409749
101,diagnostic_1,30s,absolute_futures_return,-0.2291405430489759,-1.4270528839514882,-0.2962048359169538,-0.06706429286797788,-0.2708541984545272,-0.4000537085764515,-0.12919951012192432,,
101,diagnostic_1,30s,realized_futures_volatility,-0.5974132107628012,-2.1760155882252983,-0.4110807620267931,0.18633244873600807,-1.3054370394019061,-0.8985451959589472,0.4068918434429589,,
101,diagnostic_1,30s,signed_atm_straddle_change,-0.3342668936937361,0.0003554037180867331,-0.04450765572780746,0.2897592379659286,-0.4561998132644123,-0.029880619999645086,0.4263191932647672,0.5065285399251244,0.5019429004248739
101,diagnostic_1,30s,absolute_atm_straddle_change,-0.07195381139005108,0.06589017020612897,-0.3174994183371229,-0.24554560694707184,-0.602164849341789,-1.0442366874525821,-0.4420718381107931,,
101,diagnostic_1,30s,near_atm_spread_change,0.17346675500974795,-0.037835173879059214,0.16526262471436237,-0.008204130295385581,0.32090251828845184,0.34217751797164797,0.021274999683196127,0.7580324326029688,0.6774265297430315
101,diagnostic_1,30s,signed_atm_iv_change,0.05134946476982827,0.003243020169241606,0.061674392465738026,0.010324927695909758,0.12766044507197893,0.14142940776101798,0.013768962689039044,0.6773345259250672,0.6142391667001886
101,diagnostic_1,30s,absolute_atm_iv_change,0.1905127368780407,0.04800981959764572,0.18200285539452277,-0.008509881483517945,-0.810748215345539,-0.8422500853960886,-0.03150187005054961,,
101,diagnostic_1,30s,surface_displacement,-0.08920792166399427,0.019239474407327206,0.046745640826207135,0.1359535624902014,-0.6939638892851054,-0.34312057214068825,0.3508433171444172,,
101,diagnostic_1,60s,signed_futures_return,-4.268997604436923,-0.0701079072257984,-1.2276108182476975,3.041386786189226,-18.21455844550589,-2.981033919485745,15.233524526020146,0.48668680179952484,0.49618359197290607
101,diagnostic_1,60s,absolute_futures_return,-0.5531316117750269,-1.6717433413720912,-0.4884568858597007,0.06467472591532619,-0.9062663443677355,-0.7947691943272812,0.11149715004045424,,
101,diagnostic_1,60s,realized_futures_volatility,-1.115888347844991,-2.968133897973585,-0.45826744640645445,0.6576209014385366,-2.908956720486984,-1.1123949663644557,1.7965617541225285,,
101,diagnostic_1,60s,signed_atm_straddle_change,-0.8883610981694094,0.0007214801424828554,-0.047639186206275275,0.8407219119631342,-1.757446687919133,-0.013888108094380458,1.7435585798247526,0.5105095960954553,0.5201064804114066
101,diagnostic_1,60s,absolute_atm_straddle_change,0.12248666938443564,0.0843306424531477,-0.03433882804738819,-0.15682549743182383,-0.38816114633336607,-0.7551532541841426,-0.3669921078507765,,
101,diagnostic_1,60s,near_atm_spread_change,0.2030049006700183,0.03973747837737596,0.20728458493007185,0.00427968426005354,0.3459064314161113,0.3987490111281359,0.05284257971202455,0.7780428483409817,0.6968279100369442
101,diagnostic_1,60s,signed_atm_iv_change,0.07452552389352973,0.0028293111077650757,-0.009381243320353727,-0.08390676721388346,0.1652711003564824,-0.03239074420414623,-0.19766184456062863,0.6741521012115095,0.5013724129227662
101,diagnostic_1,60s,absolute_atm_iv_change,0.18918687137651236,0.0650993127790962,0.14166231661793294,-0.04752455475857942,-0.8008217996497669,-0.9876665240895453,-0.1868447244397784,,
101,diagnostic_1,60s,surface_displacement,-0.07060685397559308,0.027656693996819137,-0.023702263021313508,0.04690459095427957,-0.6316654664623691,-0.58646762427276,0.045197842189609094,,
101,diagnostic_1,300s,signed_futures_return,-0.5997454387911463,-0.06888079032446015,-0.18406173061062603,0.41568370818052025,-0.9913267394704428,-0.32066089867216285,0.67066584079828,0.667540172268841,0.5615718342031376
101,diagnostic_1,300s,absolute_futures_return,-3.503607585509127,-0.5440847459772615,-4.714183834466576,-1.210576248957449,-11.555519905729273,-19.05731554673634,-7.501795641007067,,
101,diagnostic_1,300s,realized_futures_volatility,-6.476770550293314,-4.23149487457323,-5.222364555878066,1.2544059944152481,-40.55689736935779,-28.576008837867473,11.980888531490319,,
101,diagnostic_1,300s,signed_atm_straddle_change,-0.25511928833050757,0.0003135658051899304,0.005179140231319934,0.2602984285618275,-0.5688893322951045,0.008787552041741642,0.5776768843368462,0.5685812250359403,0.5439885150391659
101,diagnostic_1,300s,absolute_atm_straddle_change,-0.015599854638168598,0.10308350278129741,0.15127727076437658,0.16687712540254518,-1.2157157965506538,-0.6631700161248926,0.5525457804257612,,
101,diagnostic_1,300s,near_atm_spread_change,-0.3788279593517878,0.04348568972905342,-0.16461768953403744,0.21421026981775038,-0.6125029704726055,-0.18320388468012494,0.42929908579248055,0.7693503266364186,0.6104667317097814
101,diagnostic_1,300s,signed_atm_iv_change,-0.005698170832968641,0.00113808552575978,0.03636303837070631,0.042061209203674954,0.042604435612217495,0.10750409019268647,0.06489965458046898,0.6889651472838864,0.5982463198750414
101,diagnostic_1,300s,absolute_atm_iv_change,0.12613029448532298,0.04346102436848731,0.15565702490810662,0.029526730422783642,-0.9210074696001365,-0.8227999750323611,0.09820749456777533,,
101,diagnostic_1,300s,surface_displacement,0.12437596772234016,0.034947635577542324,-0.03323521496655113,-0.1576111826888913,-0.3242646127077704,-0.7387427507059319,-0.41447813799816147,,
101,diagnostic_2,30s,signed_futures_return,-2.8969206993788954,-0.04910252333017939,-1.6325553957313397,1.2643653036475557,-9.104504757471586,-4.342802504169381,4.7617022533022055,0.512165124347449,0.4989698171715887
101,diagnostic_2,30s,absolute_futures_return,-0.244145025579261,-1.2522694073263891,-0.38132541429416933,-0.13718038871490834,-0.40745465905608724,-0.6055538066262991,-0.19809914757021185,,
101,diagnostic_2,30s,realized_futures_volatility,-0.6233649288031506,-1.4143901427624175,-0.5203240025161395,0.10304092628701111,-1.3542506833445622,-1.178400636677146,0.17585004666741622,,
101,diagnostic_2,30s,signed_atm_straddle_change,-0.22831582483117718,0.0016213460052179052,-0.03586911054651143,0.19244671428466575,-0.08793318413626494,0.04758751977443665,0.1355207039107016,0.5560866541115049,0.5358204922438996
101,diagnostic_2,30s,absolute_atm_straddle_change,-0.06734775002672144,0.03869386134567376,-0.22391498420590317,-0.15656723417918172,-0.28641572908866153,-0.40483225832170167,-0.11841652923304014,,
101,diagnostic_2,30s,near_atm_spread_change,0.16481793905250308,0.01785722376437937,0.15147290084974974,-0.013345038202753345,0.2880589672439615,0.2948339415229708,0.006774974279009305,0.7548094663926068,0.6791322406007736
101,diagnostic_2,30s,signed_atm_iv_change,0.08138523026992162,0.004054269220855278,0.08894368897129978,0.007558458701378168,0.1812668992233566,0.1897809816602939,0.008514082436937298,0.7180205228529727,0.6544326279866794
101,diagnostic_2,30s,absolute_atm_iv_change,0.19453309243206562,0.04058154585311391,0.1847796826997149,-0.009753409732350726,-0.8752489644315176,-0.9107398952256116,-0.035490930794094044,,
101,diagnostic_2,30s,surface_displacement,-0.12138007816571239,0.003859628515538449,0.024769470446322384,0.14614954861203477,-0.7804242599424567,-0.3893998762012072,0.3910243837412495,,
101,diagnostic_2,60s,signed_futures_return,-6.405929034309747,-0.04175912148287786,-1.3817096452443591,5.0242193890653875,-36.46048810432504,-3.8299284375966396,32.630559666728395,0.5033486312350153,0.5018442017693419
101,diagnostic_2,60s,absolute_futures_return,-0.5410630285827911,-1.6876110591263007,-0.5836629030663791,-0.04259987448358804,-1.0317765081840538,-1.017072505949077,0.014704002234976699,,
101,diagnostic_2,60s,realized_futures_volatility,-0.8480260249672458,-1.9245998010629846,-0.48575417671479637,0.3622718482524494,-2.2430573210550278,-1.3111181566674874,0.9319391643875403,,
101,diagnostic_2,60s,signed_atm_straddle_change,-0.7157488687669171,0.0022642471593026237,-0.07297327634269335,0.6427755924242238,-0.5782937582884171,0.008270529708666596,0.5865642879970837,0.5432491511551583,0.5108128449065258
101,diagnostic_2,60s,absolute_atm_straddle_change,0.08835353135055202,0.05512551753040973,-0.008927819836857198,-0.09728135118740922,-0.2319092469804338,-0.37120214918377425,-0.13929290220334045,,
101,diagnostic_2,60s,near_atm_spread_change,0.1517920938813453,0.037434209823982156,0.16721965913752546,0.015427565256180165,0.27506119589269473,0.32992459866194923,0.0548634027692545,0.7744880033079813,0.7021446246517435
101,diagnostic_2,60s,signed_atm_iv_change,0.10086934752608179,0.003886496241816695,-0.10030203351863998,-0.20117138104472176,0.20732781554288437,-0.20727302425244565,-0.41460083979533,0.7159076980209735,0.5134548395148328
101,diagnostic_2,60s,absolute_atm_iv_change,0.19752736458808862,0.053178491104907466,0.1392841128979725,-0.05824325169011613,-0.8015456034787578,-1.0195550144223358,-0.21800941094357795,,
101,diagnostic_2,60s,surface_displacement,-0.13715505851242016,0.004644330565388932,-0.04237405571201558,0.09478100280040458,-0.7913166350122174,-0.6225659825085788,0.16875065250363863,,
101,diagnostic_2,300s,signed_futures_return,-0.6602427152389865,0.005385912180938424,-0.3972333333569409,0.2630093818820456,-1.598299901780977,-0.8537979648842164,0.7445019368967605,0.46791245616043464,0.4905648929638148
101,diagnostic_2,300s,absolute_futures_return,-2.999326113571164,-0.43410375384682554,-4.98072123096017,-1.981395117389006,-11.166715541683406,-24.510060088893677,-13.343344547210272,,
101,diagnostic_2,300s,realized_futures_volatility,-4.1302461930776255,-2.387612437200537,-3.746189921300717,0.3840562717769087,-24.721595383073936,-21.34709587632735,3.3744995067465844,,
101,diagnostic_2,300s,signed_atm_straddle_change,-0.08734449731388172,0.006592544496762498,0.04853298704030329,0.135877484354185,-0.12068400938986157,0.12215952480366088,0.24284353419352245,0.6468252826431169,0.5985237755779002
101,diagnostic_2,300s,absolute_atm_straddle_change,-0.06995949556720982,0.0663651489559568,0.08772679383628601,0.15768628940349583,-1.0019921529966171,-0.6221848561598473,0.37980729683676984,,
101,diagnostic_2,300s,near_atm_spread_change,-0.6453596845426444,0.036373052246169824,-0.41454276598493944,0.23081691855770492,-1.1889488735063019,-0.6658656701869858,0.523083203319316,0.7504002427552724,0.5838821625448845
101,diagnostic_2,300s,signed_atm_iv_change,0.0396088576488296,0.003999357579241081,0.07186027274362683,0.03225141509479723,0.11732624518959256,0.16240122086157938,0.04507497567198682,0.7263045623221778,0.626255855263983
101,diagnostic_2,300s,absolute_atm_iv_change,0.1182630485603331,0.041267811635077534,0.15574942093400124,0.03748637237366814,-1.061441607974288,-0.9329109336653971,0.12853067430889098,,
101,diagnostic_2,300s,surface_displacement,0.06419688524172151,0.024116563263702928,-0.02548465768745123,-0.08968154292917274,-0.3309680609250769,-0.5678519260763624,-0.23688386515128546,,
